No,Title,Content
001,Professional Conduct,"Use of the office of notary in other than the specific, step-by-step procedure required is viewed as a serious offense by the Secretary of State. The practice of taking acknowledgments and affidavits over the telephone, or otherwise, without the actual, personal appearance of the individual making the acknowledgment or affidavit before the officiating notary, is illegal.

The attention of all notaries public is called to the following judicial declarations concerning such misconduct:

""The court again wishes to express its condemnation of the acts of notaries taking acknowledgments or affidavits without the presence of the party whose acknowledgment is taken for the affiant, and that it will treat serious professional misconduct the act of any notary thus violating his official duty."" (Matter of Napolis, 169 App. Div. 469, 472.)

""Upon the faith of these acknowledgments rests the title of real property, and the only security to such titles is the fidelity with which notaries and commissioners of deeds perform their duty in requiring the appearance of parties to such instruments before them and always refusing to execute a certificate unless the parties are actually known to them or the identity of the parties executing the instruments is satisfactorily proved."" (Matter of Gottheim, 153 App. Div. 779, 782.)

Equally unacceptable to the Secretary of State is slipshod administration of oaths. The simplest form in which an oath may be lawfully administered is:

""Do you solemnly swear that the contents of this affidavit subscribed by you is correct and true"""" (Bookman v. City of New York, 200 N.Y. 53, 56.)

Alternatively, the following affirmation may be used for persons who conscientiously decline taking an oath. This affirmation is legally equivalent to an oath and is just as binding:

""Do you solemnly, sincerely and truly declare and affirm that the statements made by you are true and correct""""

Whatever the form adopted, it must be in the presence of an officer authorized to administer it, and it must be an unequivocal and present act by which the affiant consciously takes upon himself the obligation of an oath. (Idem, citing People ex rel. Kenyon v. Sutherland, 81 N.Y. 1; O""Reilly v. People, 86 N.Y. 154, 158, 161.)

Unless a lawyer, the notary public may not engage directly or indirectly in the practice of law. Listed below are some of the activities involving the practice of law which are prohibited, and which subject the notary public to removal from office by the Secretary of State, and possible imprisonment, fine or both. A notary:

1. May not give advice on the law. The notary may not draw any kind of legal papers, such as wills, deeds, bills of sale, mortgages, chattel mortgages, contracts, leases, offers, options, incorporation papers, releases, mechanics liens, power of attorney, complaints and all legal pleadings, papers in summary proceedings to evict a tenant, or in bankruptcy, affidavits, or any papers which our courts have said are legal documents or papers.

2. May not ask for and get legal business to send to a lawyer or lawyers with whom he has any business connection or from whom he receives any money or other consideration for sending the business.

3. May not divide or agree to divide his fees with a lawyer, or accept any part of a lawyer""s fee on any legal business.

4. May not advertise in, or circulate in any manner, any paper or advertisement, or say to anyone that he has any powers or rights not given to the notary by the laws under which the notary was appointed.

A notary public is cautioned not to execute an acknowledgment of the execution of a will. Such acknowledgment cannot be deemed equivalent to an attestation clause accompanying a will.

(See definition of Attestation Clause)
"
002,§130. Appointment of notaries public,"1. The Secretary of State may appoint and commission as many notaries public for the State of New York as in his or her judgment may be deemed best, whose jurisdiction shall be co-extensive with the boundaries of the state. The appointment of a notary public shall be for a term of 4 years. An application for an appointment as notary public shall be in form and set forth such matters as the Secretary of State shall prescribe. Every person appointed as notary public must, at the time of his or her appointment, be a resident of the State of New York or have an office or place of business in New York State. A notary public who is a resident of the State and who moves out of the state but still maintains a place of business or an office in New York State does not vacate his or her office as a notary public. A notary public who is a nonresident and who ceases to have an office or place of business in this state, vacates his or her office as a notary public. A notary public who is a resident of New York State and moves out of the state and who does not retain an office or place of business in this State shall vacate his or her office as a notary public. A non-resident who accepts the office of notary public in this State thereby appoints the Secretary of State as the person upon whom process can be served on his or her behalf. Before issuing to any applicant a commission as notary public, unless he or she be an attorney and counselor at law duly admitted to practice in this state or a court clerk of the Unified Court System who has been appointed to such position after taking a Civil Service promotional examination in the court clerk series of titles, the Secretary of State shall satisfy himself or herself that the applicant is of good moral character, has the equivalent of a common school education and is familiar with the duties and responsibilities of a notary public; provided, however, that where a notary public applies, before the expiration of his or her term, for reappointment with the county clerk or where a person whose term as notary public shall have expired applies within 6 months thereafter for reappointment as a notary public with the county clerk, such qualifying requirements may be waived by the Secretary of State, and further, where an application for reappointment is filed with the county clerk after the expiration of the aforementioned renewal period by a person who failed or was unable to re-apply by reason of his or her induction or enlistment in the armed forces of the United States, such qualifying requirements may also be waived by the Secretary of State, provided such application for reappointment is made within a period of 1 year after the military discharge of the applicant under conditions other than dishonorable. In any case, the appointment or reappointment of any applicant is in the discretion of the Secretary of State. The Secretary of State may suspend or remove from office, for misconduct, any notary public appointed by him or her but no such removal shall be made unless the person who is sought to be removed shall have been served with a copy of the charges against him or her and have an opportunity of being heard. No person shall be appointed as a notary public under this article who has been convicted, in this State or any other state or territory, of a crime, unless the secretary makes a finding in conformance with all applicable statutory requirements, including those contained in article twenty-three-A of the correction law, that such convictions do not constitute a bar to appointment.

2. A person regularly admitted to practice as an attorney and counselor in the courts of record of this state, whose office for the practice of law is within the State, may be appointed a notary public and retain his office as such notary public although he resides in or removes to an adjoining state. For the purpose of this and the following sections of this article such person shall be deemed a resident of the county where he maintains such office.

---

**实际应用场景**:

**场景1: 首次申请公证员**
王先生是纽约州居民，想申请成为公证员为社区服务。他不是律师，也不是法院书记员。

**正确做法**:
- 确认自己是纽约州居民或在纽约有办公场所
- 准备申请表（Secretary of State规定格式）
- 参加并通过公证员资格考试（证明熟悉职责）
- 准备宣誓书并在授权人员面前宣誓
- 提交申请和宣誓书到Secretary of State
- 证明良好品行和至少有相当于普通学校的教育水平
- 获批后，任期为4年

**场景2: 搬家后的状态变化**
李女士是纽约居民，已担任公证员2年。现在她要搬到新泽西州居住。

**正确做法**:
- 如果李女士在纽约保留办公场所或营业地点 → 公证员身份仍然有效
- 如果李女士完全搬离纽约且不保留任何办公场所 → 公证员身份自动失效(vacate office)

**错误示例**: 
- ❌ 搬离纽约后不保留办公场所，仍继续以公证员身份工作（违法）
- ❌ 不是纽约居民，也没有纽约办公场所，却申请纽约公证员（不符合资格）

**场景3: 续期时间点**
张先生的公证员任期将在3个月后到期。

**正确做法**:
- 在任期届满前向县书记员(county clerk)申请续期 → 可免除重新考试
- 任期届满后6个月内申请续期 → 仍可免除重新考试
- 如果因服兵役未能及时续期 → 退伍后1年内申请可免除重新考试（需非不光彩退伍）
- 超过上述期限 → 需要重新参加考试

**重要提醒**: 
- 所有任命和续期都由Secretary of State自行决定，不是自动权利
- 如果曾被定罪，Secretary of State需根据矫正法第23-A条进行评估
- 被免职的公证员永久不得再次任命
- 非居民公证员自动指定Secretary of State作为接收法律文件的代理人"
003,§131. Procedure of appointment; fees and commissions,"1. Applicants for a notary public commission shall submit to the Secretary of State with their application the oath of office, duly executed before any person authorized to administer an oath, together with their signature.

2. Upon being satisfied of the competency and good character of applicants for appointment as notaries public, the Secretary of State shall issue a commission to such persons; and the official signature of the applicants and the oath of office filed with such applications shall take effect.

3. The Secretary of State shall receive a non-refundable application fee of $60 from applicants for appointment, which fee shall be submitted together with the application. No further fee shall be paid for the issuance of the commission.

4. A notary public identification card indicating the appointee?s name, address, county and commission term shall be transmitted to the appointee.

5. The commission, duly dated, and a certified copy or the original of the oath of office and the official signature, and $20 apportioned from the application fee shall be transmitted by the Secretary of State to the county clerk in which the appointee resides by the 10th day of the following month.

6. The county clerk shall make a proper index of commissions and official signatures transmitted to that office by the Secretary of State pursuant to the provisions of this section.

7. Applicants for reappointment of a notary public commission shall submit to the county clerk with their application the oath of office, duly executed before any person authorized to administer an oath, together with their signature.

8. Upon being satisfied of the completeness of the application for reappointment, the county clerk shall issue a commission to such persons; and the official signature of the applicants and the oath of office filed with such applications shall take effect.

9. The county clerk shall receive a non-refundable application fee of $60 from each applicant for reappointment, which fee shall be submitted together with the application. No further fee shall be paid for the issuance of the commission.

10. The commission, duly dated, and a certified or original copy of the application, and $40 apportioned from the application fee plus interest as may be required by statute shall be transmitted by the county clerk to the Secretary of State by the 10th day of the following month.

11. The Secretary of State shall make a proper record of commissions transmitted to that office by the county clerk pursuant to the provisions of this section.

12. Except for changes made in an application for reappointment, the Secretary of State shall receive a non-refundable fee of $10 for changing the name or address of a notary public.

13. The Secretary of State may issue a duplicate identification card to a notary public for one lost, destroyed or damaged upon application therefor on a form prescribed by the Secretary of State and upon payment of a non-refundable fee of $10. Each such duplicate identification card shall have the word ?duplicate? stamped across the face thereof, and shall bear the same number as the one it replaces.


---

**实际应用场景**:

**场景1: 首次申请的完整流程**
陈女士刚通过公证员考试，准备提交申请。

**正确做法**（按顺序）:
1. **填写申请表**: 使用Secretary of State规定的格式
2. **宣誓**: 在有权管理宣誓的人员面前执行宣誓书(oath of office)
3. **签名**: 在申请表上签署自己的官方签名
4. **提交**: 将申请表、宣誓书和签名一起提交给Secretary of State
5. **缴费**: 支付$60申请费
6. **等待审核**: Secretary of State审核申请人的资格和品行
7. **获得委任状**: 审核通过后，Secretary of State签发委任状(commission)
8. **向县书记员备案**: 申请人必须在委任后，将宣誓书和签名备案到任命县的县书记员处
9. **正式生效**: 备案后公证员身份正式生效，可以开始履职

**场景2: 签名备案错误**
刘先生获得了公证员委任状，但忘记向县书记员备案签名，直接开始公证文件。

**错误后果**:
- 刘先生公证的文件可能被视为无效
- 其他县无法验证刘先生的官方身份
- 可能面临Secretary of State的纪律处分

**正确做法**:
- 必须先向委任县的县书记员备案宣誓书和签名
- 可以选择向其他县的县书记员和登记处(register's office)备案签名，方便跨县工作
- 备案后才能开始履行公证职责

**场景3: 跨县工作的公证员**
马先生在Albany County被任命为公证员，但经常在Westchester County工作。

**正确做法**:
1. 首先向Albany County书记员备案（必须，这是任命县）
2. 向Westchester County书记员备案签名（可选但推荐）
3. 向Westchester County登记处备案（如有，可选）
4. 备案后，Westchester County书记员就可以出具马先生的官方身份证明
5. 这样马先生在Westchester County公证的文件更容易被验证

**重要提醒**: 
- 申请费$60不可退还
- 宣誓书和签名备案是公证员生效的必要条件，不是可选项
- 公证员的权限覆盖整个纽约州，但必须先在任命县备案
- 可以在多个县备案签名，便于异地验证官方身份
- County clerk可以出具公证员官方身份证明(certificate of official character)"
004,§132. Certificates of official character of notaries public,"The Secretary of State or the county clerk of the county in which the commission of a notary public is filed may certify to the official character of such notary public and any notary public may file his autograph signature and a certificate of official character in the office of any county clerk of any county in the State and in any register?s office in any county having a register and thereafter such county clerk may certify as to the official character of such notary public.

The Secretary of State shall collect for each certificate of official character issued by him the sum of one dollar.

The county clerk and register of any county with whom a certificate of official character has been filed shall collect for filing the same the sum of one dollar.

For each certificate of official character issued, with seal attached, by any county clerk, the sum of one dollar shall be collected by him.


---

**实际应用场景**:

**场景1: 跨州使用公证文件**
赵女士在纽约州作为公证员公证了一份房产契约。买家需要在佛罗里达州使用这份文件，但佛罗里达州的机构质疑赵女士的公证员身份。

**正确做法**:
1. 买家向纽约州Secretary of State或赵女士任命县的county clerk申请""Certificate of Official Character""（官方身份证明）
2. Secretary of State或county clerk会出具证书，证明：
   - 赵女士确实是有效的纽约州公证员
   - 她的委任状有效且未被吊销
   - 文件上的签名确实是她的官方签名
3. 将此证书附在公证文件后，佛罗里达州机构即可接受
4. 对于特别重要的文件，可能还需要Apostille（海牙认证）

**场景2: 公证员跨县工作需要身份验证**
孙先生在Monroe County被任命，但经常在Erie County工作。客户在Erie County需要验证他的身份。

**正确做法**（提前准备）:
1. 孙先生将自己的签名和官方身份证明备案到Erie County的county clerk
2. 之后Erie County的clerk就可以出具孙先生的Certificate of Official Character
3. 如果Erie County有register's office，也可以向register备案

**如果没有提前备案**:
1. 客户需要联系Monroe County (任命县) 的county clerk
2. Monroe County clerk可以出具官方身份证明
3. 或者联系Secretary of State获取证明（州级机关，权威性最高）

**场景3: 银行验证公证员身份**
某银行收到李先生公证的授权书(Power of Attorney)，需要验证李先生确实是合法公证员。

**银行的验证选项**:
1. **最快捷**: 查看李先生是否在该县clerk处备案 → 向该县clerk索取证明
2. **最权威**: 向Secretary of State索取Certificate of Official Character
3. **便利方式**: 如果县有register's office且李先生已备案，也可以向register索取证明

**Certificate of Official Character的内容**:
- 公证员姓名
- 委任日期和任期
- 任命县
- 官方签名样本
- 证明该公证员身份有效、未被吊销

**重要提醒**: 
- Secretary of State和county clerk都有权出具官方身份证明
- 在多个县备案可以提高工作便利性
- 官方身份证明对于跨州使用公证文件至关重要
- 公证员应保持委任状有效，避免在失效后继续公证导致文件无效"
005,"§133. Certification of notarial signatures
","The county clerk of a county in whose office any notary public has qualified or has filed his autograph signature and a certificate of his official character, shall, when so requested and upon payment of a fee of $3 affix to any certificate of proof or acknowledgment or oath signed by such notary anywhere in the State of New York, a certificate under his hand and seal, stating that a commission or a certificate of his official character with his autograph signature has been filed in his office, and that he was at the time of taking such proof or acknowledgment or oath duly authorized to take the same; that he is well acquainted with the handwriting of such notary public or has compared the signature on the certificate of proof or acknowledgment or oath with the autograph signature deposited in his office by such notary public and believes that the signature is genuine.

An instrument with such certificate of authentication of the county clerk affixed thereto shall be entitled to be read in evidence or to be recorded in any of the counties of this State in respect to which a certificate of a county clerk may be necessary for either purpose.


---

**实际应用场景**:

公证员的签名和印章认证对于跨州或跨国使用文件至关重要。例如，纽约公证员为一份授权书做公证后，该文件需要在佛罗里达州使用。佛罗里达州机构如何确认这是合法的纽约公证？通过§133规定的认证流程。

**正确流程**:
1. 公证员完成公证行为（acknowledgment or jurat）
2. 文件提交给纽约县书记官办公室
3. 县书记官核查公证员在其办公室的登记记录
4. 县书记官签发证书，认证公证员的签名和印章真实
5. 如需要，州务卿可以进一步认证县书记官的签名

**常见错误**: 公证员未在县书记官处及时更新记录（地址变更、印章更换），导致认证被拒绝。

**重要提醒**: 公证员应确保在县书记官办公室的记录始终准确和最新，包括签名样本、印章样本、地址、委任状态等。
"
006,"§140. Executive Law.

","14. No person who has been removed from office as a commissioner of deeds for the City of New York, as hereinbefore provided, shall thereafter be eligible again to be appointed as such commissioner nor, shall he be eligible thereafter to appoint to the office of notary public.
15. Any person who has been removed from office as aforesaid, who shall, after knowledge of such removal, sign or execute any instrument as a commissioner of deeds or notary public shall be deemed guilty of a misdemeanor.



---

**实际应用场景**:

**场景: 被免职公证员的后续影响**
杨先生原本是纽约市的commissioner of deeds（契约专员），但因严重违规被免职。3年后，他想重新申请成为notary public（公证员）。

**法律后果**:
1. **永久不得再任命**: 杨先生永远不能再被任命为commissioner of deeds
2. **不得任命为公证员**: 杨先生也永远不能被任命为notary public
3. **知情后仍签署的刑事责任**: 如果杨先生知道自己被免职后，仍以commissioner of deeds或notary public身份签署文件 → 构成轻罪(misdemeanor)

**正确的处理方式**:
- 被免职后，杨先生必须立即停止所有公证活动
- 如有客户要求，应明确告知自己已被免职，不再具备资格
- 不能使用旧的印章或签名
- 应该销毁或上交公证印章

**错误示例 - 严重违法**:
- ❌ 杨先生被免职后，仍使用旧的公证印章继续公证文件
- ❌ 杨先生以为3年后""冷却期""过去了，可以重新申请（法律规定是永久禁止）
- ❌ 杨先生改名后企图申请新的公证员身份（仍然违法）

**重要提醒**: 
- 这是对公证员最严厉的惩罚之一
- 免职不仅终止当前职务，而且永久取消资格
- 被免职后违规继续公证是刑事犯罪，不是民事违规
- Secretary of State在任命时会审查申请人是否曾被免职
- 其他州的类似免职记录也可能影响纽约州的申请"
007,"§3-200 and 3-400. Election Law.

","A commissioner of elections or inspector of elections is eligible for the office of notary public.



---

**实际应用场景**:

**场景: 选举官员兼任公证员**
陈女士是Monroe County的inspector of elections（选举监察员）。她想申请成为notary public为社区服务。

**法律规定**:
根据Election Law §3-200和§3-400，陈女士**有资格**同时担任：
- Commissioner of elections（选举专员）
- Inspector of elections（选举监察员）
- Notary public（公证员）

**正确理解**:
这些选举职位不与公证员职位冲突。陈女士可以：
1. 保留inspector of elections职位
2. 同时申请并担任notary public
3. 两个职位可以合法兼任

**常见误解** - ❌ 错误认知:
有人误以为政府职位与公证员身份冲突。实际上：
- ✓ Election officials可以兼任公证员
- ✓ Court clerks可以兼任公证员（不需要考试）
- ✓ 律师可以兼任公证员
- ❌ 但member of legislature（州议员）不能兼任 →参见Lesson 010

**场景扩展: 选举日的便利**
陈女士作为inspector of elections在选举日工作。一位选民需要紧急公证一份文件。

**陈女士可以这样做**:
- 利用休息时间，以notary public身份为选民提供公证服务
- 但必须明确区分两个角色：作为election official的职责和作为notary public的职责
- 不能将公证员印章用于选举相关文件（除非确实需要公证）
- 保持角色的独立性和职业操守

**重要提醒**: 
- 虽然法律允许兼任，但两个职位各有独立的职责和规范
- 不能将一个职位的权力用于另一个职位
- 如果存在利益冲突，应当回避（参见Lesson 012 disqualifications）
- Election officials的特殊地位使其更应维护公正性"
008,§3. Public Officers Law.,"No person is eligible for the office of notary public who has been convicted of a violation of the selective draft act of the U.S. enacted May 18, 1917, or the acts amendatory or supplemental thereto, or of the federal selective training and service act of 1940 or the acts amendatory thereof or supplemental thereto.

---

**实际应用场景**:

**场景: 公证员为公职人员公证职务文件**
黄先生是notary public。一位county clerk来找他，请他公证该clerk的官方任命文件的副本，用于提交给州政府。

**法律依据**:
根据Public Officers Law §3，某些公职人员的官方行为证明有特殊规定。

**正确做法**:
1. **确认文件性质**: 这是公职人员的官方文件(official document)
2. **检查是否需要公证**: 有些官方文件可能有自证效力，不需要公证员认证
3. **如需公证**: 黄先生可以正常公证，但应注意：
   - 确认clerk的身份（虽然是公职人员，仍需身份验证）
   - 如果是认证副本(certified copy)，确认clerk有权出具官方副本
   - 遵循标准公证程序
4. **记录保存**: 在公证日志中标注这是公职人员的官方文件

**常见问题解答**:

**Q: 公职人员的文件是否有更高的可信度？**
A: 是的，但公证员仍需独立核实身份和签名的真实性。公职身份不能代替公证程序。

**Q: 如果公职人员要求加急或特殊处理？**
A: 公证员必须遵循相同的标准程序，不能因为对方是公职人员而省略步骤。

**Q: 可以拒绝为公职人员公证吗？**
A: 可以。如果有利益冲突、身份无法核实或其他合法理由，公证员有权拒绝。

**重要提醒**: 
- Public Officers Law §3涉及公职人员的法律地位，但不免除公证员的核验责任
- 公证员不能因对方是公职人员就降低标准
- 如果文件涉及公证员本人的利益，必须回避（参见disqualifications）
- 某些官方文件可能已经有clerk或其他官员的官方认证，不需要额外公证"
009,"§534. County Law.
","Each county clerk shall designate from among the members of his or her staff at least one notary public to be available to notarize documents for the public in each county clerk?s office during normal business hours free of charge. Each individual appointed by the county clerk to be a notary public pursuant to this section shall be exempt from the examination fee and application fee required by §131 of the Executive Law.

---

**实际应用场景**:

**场景: 公证员的县法权限**
郑女士是在Nassau County任命的notary public。她在Suffolk County为客户公证文件时，客户问：""你的权限不是只在Nassau County吗？""

**正确解释**:
根据County Law §534和其他相关法律：

1. **地域权限**: 郑女士的公证权限覆盖**整个纽约州**，不限于Nassau County
2. **任命县的意义**: Nassau County只是她最初资格认定(originally qualified)的县，用于：
   - 备案宣誓书和签名
   - 获取官方身份证明
   - 标识在印章上

3. **在Suffolk County工作**:
   - ✓ 郑女士完全有权在Suffolk County公证文件
   - ✓ 公证行为完全有效
   - ✓ 不需要额外许可

**郑女士的建议做法**:
1. 虽然可以在全州工作，但如果经常在Suffolk County执业：
   - 可以向Suffolk County clerk备案签名（可选）
   - 便于Suffolk County验证其身份
   - 提高当地客户的信心

2. 印章上仍然显示""Qualified in Nassau County""
   - 这是永久的任命县标识
   - 不会因为在其他县工作而改变

**场景扩展: 跨县验证**
Suffolk County的一家银行想验证郑女士的公证员身份。

**银行的验证选项**:
1. 联系Nassau County clerk（任命县）→ 最直接
2. 联系New York Secretary of State → 最权威
3. 如果郑女士已在Suffolk County备案 → 联系Suffolk County clerk

**常见误解纠正**:
- ❌ ""公证员只能在任命县工作"" → 错误！可以在全州工作
- ❌ ""在其他县工作需要申请许可"" → 错误！不需要
- ❌ ""跨县公证的效力较低"" → 错误！效力相同

**重要提醒**: 
- New York notary public的权限是全州性的(co-extensive with the state)
- 任命县(county originally qualified)只是行政登记地点
- 在其他县工作时，公证员应主动说明自己的全州权限
- County Law §534体现了纽约州统一公证制度的设计"
010,"Member of legislature.
","?If a member of the legislature be *** appointed to any office, civil *** under the government *** the State of New York *** his or her acceptance thereof shall vacate his or her seat in the legislature, providing, however, that a member of the legislature may be appointed *** to any office in which he or she shall receive no compensation.? (§7 of Article III of the Constitution of the State of New York.) A member of the legislature may be appointed a notary public in view of transfer of power of such appointment from the governor and senate to the Secretary of State. (1927, Op. Atty. Gen. 97.)

"
011,Sheriffs.,"*** Sheriffs shall hold no other office. *** (§13(a) of Article XIII of the Constitution of the State of New York.)

---

**实际应用场景**:

**场景1: Sheriff兼任公证员的资格**
Rodriguez先生是Erie County的deputy sheriff（副警长）。他想申请成为notary public。

**正确做法**:
1. **检查资格**: 根据法律，sheriff和deputy sheriff**有资格**申请并担任notary public
2. **正常申请**: Rodriguez应该按标准程序申请：
   - 满足居住/办公地点要求
   - 通过公证员考试（除非是律师或court clerk）
   - 提交申请和宣誓书
   - 支付$60申请费

3. **两个职位可以兼任**: Sheriff职位和notary public不冲突

**场景2: Sheriff在执法中使用公证权力**
Deputy Sheriff Chen在执法过程中需要收集证人的宣誓证词(sworn statement)。他也是notary public。

**正确做法**:
- ✓ Chen可以利用notary public身份管理宣誓(administer oath)
- ✓ 可以为证人的affidavit做公证
- ✓ 这样的证词在法庭上更有效力

**注意事项**:
- 即使是执法环境，仍需遵守公证程序
- 证人必须在Chen面前亲自出现
- 不能强制要求证人宣誓（公证是志愿服务）
- 如果案件涉及Chen的个人利益，应回避

**场景3: Sheriff为警局同事公证**
Sheriff Martinez为警局同事公证工作相关文件。

**潜在问题**:
- 需要评估是否存在利益冲突
- 如果是日常的、与Martinez无关的文件 → 通常可以公证
- 如果文件涉及Martinez的职责或利益 → 应该回避

**正确做法**:
1. 询问文件的用途和性质
2. 评估自己是否有直接或间接利益
3. 疑义时拒绝，建议同事找其他公证员
4. 严格遵守disqualification规则（参见Lesson 012）

**重要提醒**: 
- Sheriff和notary public是两个独立的职位
- 虽然可以兼任，但每个职位有各自的规范和责任
- 作为执法人员，sheriff更应严格遵守公证职业道德
- 利用执法身份强迫他人公证是违法的
- 不能收取公证费用作为执法行为的一部分（公证和执法要分开）"
012,Notary public?disqualifications.,"Though a person may be eligible to hold the office of notary the person may be disqualified to act in certain cases by reason of having an interest in the case. To state the rule broadly: if the notary is a party to or directly and pecuniarily interested in the transaction, the person is not capable of acting in that case. For example, a notary who is a grantee or mortgagee in a conveyance or mortgage is disqualified to take the acknowledgment of the grantor or mortgagor; likewise a notary who is a trustee in a deed of trust; and, of course, a notary who is the grantor could not take his own acknowledgment. A notary beneficially interested in the conveyance by way of being secured thereby is not competent to take the acknowledgment of the instrument. In New York the courts have held an acknowledgment taken by a person financially or beneficially interested in a party to conveyance or instrument of which it is a part to be a nullity; and that the acknowledgment of an assignment of a mortgage before one of the assignees is a nullity; and that an acknowledgment by one of the incorporators of the other incorporators who signed a certificate was of no legal effect.

---

**实际应用场景**:

**场景1: 家庭成员的文件**
张女士是公证员。她的女儿要购买房产，需要公证抵押文件。张女士能为女儿公证吗？

**正确做法**:
- 张女士必须拒绝，因为女儿是直系亲属
- 建议女儿找另一位公证员
- 记录拒绝的原因，保护自己

**错误示例**: 为配偶、子女、父母等直系亲属公证文件。这种公证在法律上无效，且公证员可能面临纪律处分或吊销执照。

**场景2: 担任公司董事的公证员**
李先生既是ABC公司的董事，又是公证员。公司CEO需要签署公司贷款文件并需要公证。

**正确做法**:
- 李先生可以为CEO的签名做公证（§138允许）
- 但李先生不能作为签署人同时担任公证员
- 必须确保自己不是文件的当事方

**重要提醒**: 利益冲突是公证员最常见的违规原因。原则是：如果你在交易中有任何财务或个人利益，必须回避。疑义时应咨询法律顾问。
"
013,§134. Signature and seal of county clerk.,"The signature and seal of a county clerk, upon a certificate of official character of a notary public or the signature of a county clerk upon a certificate of authentication of the signature and acts of a notary public or commissioner of deeds, may be a facsimile, printed, stamped, photographed or engraved thereon.

---

**实际应用场景**:

县书记官的签名和印章在认证公证员资格时起关键作用。当公证文件需要在外州使用时，这个认证链条确保文件的可信度。

**实例**:
商人王先生在纽约签署商业合同，需在德州使用。流程如下：
1. 纽约公证员为王先生的签名做公证
2. 将公证后的合同提交给纽约县书记官
3. 县书记官核查公证员记录，签发认证证书
4. 县书记官使用§134规定的签名和印章
5. 德州机构接受这个认证链条

**重要性**:
- 县书记官的签名和印章必须符合法定形式
- 这是州际和国际文件认可的基础
- 公证员的资格认证依赖县书记官的记录系统

**注意事项**: 如果公证员的印章模糊不清或县书记官的签名难以辨认，可能导致认证被拒绝或延误。
"
014,§135. Powers and duties; in general; of notaries public who are attorneys at law.,"Every notary public duly qualified is hereby authorized and empowered within and throughout the State to administer oaths and affirmations, to take affidavits and depositions, to receive and certify acknowledgments or proof of deeds, mortgages and powers of attorney and other instruments in writing; to demand acceptance or payment of foreign and inland bills of exchange, promissory notes and obligations in writing, and to protest the same for non-acceptance or non-payment, as the case may require, and, for use in another jurisdiction, to exercise such other powers and duties as by the laws of nations and according to commercial usage, or by the laws of any other government or country may be exercised and performed by notaries public, provided that when exercising such powers he shall set forth the name of such other jurisdiction.

A notary public who is an attorney at law regularly admitted to practice in this State may, in his discretion, administer an oath or affirmation to or take the affidavit or acknowledgment of his client in respect of any matter, claim, action or proceeding.

For any misconduct by a notary public in the performance of any of his powers such notary public shall be liable to the parties injured for all damages sustained by them. A notary public shall not, directly or indirectly, demand or receive for the protest for the non-payment of any note, or for the non-acceptance or non-payment of any bill of exchange, check or draft and giving the requisite notices and certificates of such protest, including his notarial seal, if affixed thereto, any greater fee or reward than 75 cents for such protest, and 10 cents for each notice, not exceeding five, on any bill or note. Every notary public having a seal shall, except as otherwise provided, and when requested, affix his seal to such protest free of expense.

---

**实际应用场景**:

**场景: 管理宣誓的正确方式**
客户李女士需要签署宣誓书（affidavit），支持其申请家庭成员移民签证。

**正确流程**:
1. 公证员阅读宣誓书，确认是jurat类型（需要宣誓）
2. 公证员核查李女士身份（驾照）
3. 公证员问：""您是否庄严宣誓，此宣誓书中的陈述是真实正确的？""
4. 李女士明确口头回答""是""或""我宣誓""
5. 李女士在公证员面前签署宣誓书
6. 公证员完成jurat证书，签字盖章

**错误做法**:
- ❌ 让李女士先签字，然后才管理宣誓
- ❌ 通过电话或视频会议管理宣誓（除非是合法的远程公证）
- ❌ 假设李女士已理解宣誓，不明确询问

**重要提醒**: Acknowledgment和Jurat是不同的：
- Acknowledgment: 签署人确认""这是我的签名""
- Jurat: 签署人宣誓""内容是真实的""，必须当面宣誓和签署
"
015,§135-a. Notary public or commissioner of deeds; acting without appointment; fraud in office.,"1. Any person who holds himself out to the public as being entitled to act as a notary public or commissioner of deeds, or who assumes, uses or advertises the title of notary public or commissioner of deeds, or equivalent terms in any language, in such a manner as to convey the impression that he is a notary public or commissioner of deeds without having first been appointed as notary public or commissioner of deeds, or

2. A notary public or commissioner of deeds, who in the exercise of the powers, or in the performance of the duties of such office shall practice any fraud or deceit, the punishment for which is not otherwise provided for by this act, shall be guilty of a misdemeanor.

---

**实际应用场景**:

**场景: 未获委任而公证的后果**
约翰刚通过公证员考试，但尚未收到州务卿的正式委任证书。朋友请他帮忙公证一份紧急文件。

**错误做法**: 约翰使用临时印章为朋友公证文件。

**后果**:
- 该公证完全无效
- 约翰可能被控misdemeanor（轻罪）
- 罚款最高$1,000
- 可能被永久禁止成为公证员
- 受损害方（依赖该公证的人）可能起诉索赔

**正确做法**:
- 礼貌解释尚未正式委任
- 建议朋友找已委任的公证员
- 等待收到正式委任后再开始公证业务

**真实后果**: 纽约州法律对无证公证非常严格。即使是善意的错误，也可能导致刑事指控。公证员必须确保：(1)委任有效，(2)在委任的县内工作，(3)委任未过期。
"
016,"§135-b. Advertising by notaries public.

","1. The provisions of this section shall not apply to attorneys-at-law, admitted to practice in the state of New York.

2. A notary public who advertises his or her services as a notary public in a language other than English shall post with such advertisement a notice in such other language the following statement:
?I am not an attorney licensed to practice law and may not give legal advice about immigration or any other legal matter or accept fees for legal advice.?

3. A notary public shall not use terms in a foreign language in any advertisement for his or her services as a notary public that mean or imply that the notary public is an attorney licensed to practice in the state of New York or in any jurisdiction of the United States. The secretary shall designate by rule or regulation the terms in a foreign language that shall be deemed to mean or imply that a notary public is licensed to practice law in the state of New York and the use of which shall be prohibited by notary publics who are subject to this section.

4. For purposes of this section, ?advertisement? shall mean and include material designed to give notice of or to promote or describe the services offered by a notary public for profit and shall include business cards, brochures, and notices, whether in print or electronic form.

5. Any person who violates any provision of this section or any rule or regulation promulgated by the secretary may be liable for civil penalty of up to one thousand dollars. The secretary of state may suspend a notary public upon a second violation of any of the provisions of this section and may remove from office a notary public upon a third violation of any of the provisions of this section, provided that the notary public shall have been served with a copy of the charges against him or her and been given an opportunity to be heard. The civil penalty provided for by this subdivision shall be recoverable in an action instituted by the attorney general on his or her own initiative or at the request of the secretary.

6. The secretary may promulgate rules and regulations governing the provisions of this section, including the size and type of statements that a notary public is required by this section to post.



---

**实际应用场景**:

**场景: 虚假广告的法律后果**
公证员陈先生会说中文，在广告中使用""Notario Público""（西班牙语的公证员），希望吸引西语客户。

**问题**: 在许多拉丁美洲国家，""Notario""是lawyer（律师）的意思，具有比美国notary更高的权威。移民可能误以为陈先生是律师。

**违法行为**: §135-b明确禁止公证员（除非是律师）使用外语术语误导公众：
- Notario / Notario Público  
- Notario Publico
- Corredor Publico
- Escribano
等等

**后果**:
- 第一次违规：最高$1,000罚款
- 重复违规：吊销公证员执照
- 民事诉讼：受欺骗客户可能起诉索赔
- 刑事指控：可能构成欺诈

**正确做法**: 
- 仅使用""Notary Public""或""公证员""（中文）
- 如广告使用外语，必须明确注明美国公证员的权限有限
- 不得暗示自己是律师或具有法律建议权
"
017,§135-c. Electronic notarization,"1. Definitions.
(a) ""Communication technology"" means an electronic device or process
that: (i) allows a notary public and a remotely located individual to
communicate with each other simultaneously by sight and sound; and (ii)
when necessary and consistent with other applicable law, facilitates
communication with a remotely located individual who has a vision,
hearing, or speech impairment.

(b) ""Electronic"" shall have the same meaning as set forth in subdivision
one of section three hundred two of the state technology law.

(c) ""Electronic record"" means information that is created, generated, sent,
communicated, received or stored by electronic means.

(d) ""Electronic notarial act"" means an official act by a notary public,
physically present in the state of New York, on or involving an electronic
record and using means authorized by the secretary of state.

(e) ""Electronic notary public"" or ""electronic notary"" means a notary
public who has registered with the secretary of state the capability of
performing electronic notarial acts.

(f) ""Electronic signature"" shall have the same meaning as set forth in
subdivision three of section three hundred two of the state technology law.

(g) ""Principal"" means an individual:
(i) whose signature is reflected on a record that is notarized;
(ii) who has taken an oath or affirmation administered by a notary public;
or
(iii) whose signature is reflected on a record that is notarized after the
individual has taken an oath or affirmation administered by a notary
public.

(h) ""Record"" means information that is inscribed on a tangible medium or
that is stored in an electronic or other medium and is retrievable in
perceivable form.

2. Any notary public qualified under this article is hereby authorized to
perform an electronic notarial act by utilizing audio-video communication
technology that allows the notary public to interact with a principal,
provided that all conditions of this section are met.

(a) The methods for identifying document signers for an electronic
notarization shall be the same as the methods required for a paper-based
notarization; provided, however, an electronic notarial act conducted
utilizing communication technology shall meet the standards which have
been approved through regulation by the secretary of state as acceptable.
Such regulations shall include, but not be limited to:
(i) that the signal transmission shall be secure from interception through
lawful means by anyone other than the persons communicating;
(ii) that the communication technology shall permit the notary public to
communicate with the principal live, in real time;
(iii) that the communication technology shall permit the notary to
communicate with and identify the remotely located individual at the time
of the notarial act; and
(iv) a standard that requires two or more different processes for
authenticating the identity of a remotely located individual utilizing
technology to detect and deter fraud, but which may allow a notary
public""s personal knowledge of a document signer to satisfy such
requirement.

(b) If video and audio conference technology has been used to ascertain a
document signer""s identity, the electronic notary shall keep a copy of the
recording of the video and audio conference and a notation of the type of
any other identification used. The recording shall be maintained for a
period of at least ten years from the date of transaction.

3. Registration requirements.
(a) Before performing any electronic notarial act or acts, a notary public
shall register the capability to notarize electronically with the secretary of
state on a form prescribed by the secretary of state and upon payment of a
fee which shall be set by regulation.

(b) In registering the capability to perform electronic notarial acts, the
notary public shall provide the following information to the secretary of
state, notary processing unit:
(i) the applicant""s name as currently commissioned and complete mailing
address;
(ii) the expiration date of the notary public""s commission and signature of
the commissioned notary public;
(iii) the applicant""s e-mail address;
(iv) the description of the electronic technology or technologies to be used
in attaching the notary public""s electronic signature to the electronic
record; and
(v) an exemplar of the notary public""s electronic signature, which shall
contain the notary public""s name and any necessary instructions or
techniques that allow the notary public""s electronic signature to be read.

4. Types of electronic notarial acts.
(a) Any notarial act authorized by section one hundred thirty-five of this
article may be performed electronically as prescribed by this section if:
(i) for execution of any instrument in writing, under applicable law that
document may be signed with an electronic signature and the notary
public is reasonably able to confirm that such instrument is the same
instrument in which the principal made a statement or on which the
principal executed a signature; and
(ii) the electronic notary public is located within the state of New York at
the time of the performance of an electronic notarial act using
communication technology, regardless of the location of the document
signer. If the principal is outside the United States, the record or subject of
the notarial act:(1) is to be filed with or relates to a matter before a public official or
court, governmental entity, or other entity subject to the jurisdiction of the
United States; or

(2) shall involve property located in the territorial jurisdiction of the
United States or shall involve a transaction substantially connected with
the United States.

(b) An electronic notarial act performed using communication technology
pursuant to this section satisfies any requirement of law of this state that a
document signer personally appear before, be in the presence of, or be in a
single time and place with a notary public at the time of the performance
of the notarial act.

5. Form and manner of performing the electronic notarial act.
(a) When performing an electronic notarial act relating to execution of
instruments in writing, a notary public shall apply an electronic signature,
which shall be attached to the electronic record such that removal or
alteration of such electronic signature is detectable and will render
evidence of alteration of the document containing the notary signature
which may invalidate the electronic notarial act.

(b) The notary public""s electronic signature is deemed to be reliable if the
standards which have been approved through regulation by the secretary
of state have been met. Such regulations shall include, but not be limited
to, the requirements that such electronic signature be:
(i) unique to the notary public;
(ii) capable of independent verification;
(iii) retained under the notary public""s sole control;
(iv) attached to the electronic record; and
(v) linked to the data in such a manner that any subsequent alterations to
the underlying document are detectable and may invalidate the electronic
notarial act.

(c) The notary public""s electronic signature shall be used only for the
purpose of performing electronic notarial acts.

(d) The remote online notarial certificate for an electronic notarial act
shall state that the person making the acknowledgement or making the
oath appeared through use of communication technology.

(e) The secretary shall adopt rules necessary to establish standards,
procedures, practices, forms, and records relating to a notary public""s
electronic signature. The notary public""s electronic signature shall
conform to any standards adopted by the secretary.

6. Recording of an electronic record.
(a) If otherwise required by law as a condition for recording that a
document be an original document, printed on paper or another tangible
medium, or be in writing, the requirement is satisfied by paper copy of an
electronic record that complies with the requirements of this section.

(b) If otherwise required by law as a condition for recording, that a
document be signed, the requirement may be satisfied by an electronic
signature.

(c) A requirement that a document or a signature associated with a
document be notarized, acknowledged, verified, witnessed, or made under
oath is satisfied if the electronic signature of the person authorized to
perform that act, and all other information required to be included, is
attached to or logically associated with the document or signature. A
physical or electronic image of a stamp, impression, or seal need not
accompany an electronic signature if the notary has attached an electronic
notarial certificate that meets the requirements of this section.
6. Recording of an electronic record.
(d)
(i) A notary public may certify that a tangible copy of the signature page
and document type of an electronic record remotely notarized by such
notary public is an accurate copy of such electronic record. Such
certification must (1) be dated and signed by the notary public in the same
manner as the official signature of the notary public provided to the
secretary of state pursuant to section one hundred thirty-one of this article,
and (2) comply with section one hundred thirty-seven of this article.
(ii) A county clerk, city registrar, or other recording officer where
applicable shall accept for recording a tangible copy of an electronic
record and that is otherwise eligible to be recorded under the laws of this
state if the record has been certified by a notary public or other individual
authorized to perform a notarial act.
(iii) A certification in substantially the following form is sufficient for the
purposes of this subdivision:

CERTIFICATE OF AUTHENTICITY
State of New York         )
                                      ) ss.:
County of                     )
On this ............ day of .................. in the year ............, I certify that the
signature page of the attached record (entitled ............................) (dated
............................) is a true and correct copy of the signatures affixed to an
electronic record printed by me or under my supervision. I further certify
that, at the time of printing, no security features present on the electronic
record indicated any changes or errors in an electronic signature in the
electronic record after its creation or execution.
(Signature and title of notary public)
(official stamp or registration number, with the expiration date of the
notary public""s commission)

7. Change of e-mail address.
Within five days after the change of an electronic notary public""s e-mail address, the notary public shall electronically transmit to the secretary of state a notice of the change, signed with the notary public""s official electronic signature.

8.
No notary public or business employing the services of a notary public operating in the state of New York shall exclusively require notarial transactions to utilize electronic notarization.

9.
Nothing in this section shall be construed as requiring any notary public to perform a notarial act using electronic communication technology. A notary public may refuse to perform such a notarial act if the notary public is not satisfied that
(a) the principal is competent or has the capacity to execute a record, or
(b) the principal""s signature is knowingly and voluntarily made.

10.
Notwithstanding article nine of the real property law or any other law to the contrary, any act performed in conformity with this section shall satisfy any requirements at law that a principal personally appear before, be in the presence of, or be in a single time and place with a notary public at the time of the performance of the notarial act, unless a law expressly excludes the authorization provided for in this section.
"
018,§136. Notarial fees.,"A notary public shall be entitled to the following fees:

For administering an oath or affirmation, and certifying the same when required, except where another fee is specifically prescribed by statute, $2.

For taking and certifying the acknowledgment or proof of execution of a written instrument, by one person, $2, and by each additional person, $2, for swearing such witness thereto, $2.

For electronic notarial services, established in section one hundred thirty-five-c of this chapter, a fee set through regulation by the secretary of state.

---

**实际应用场景**:

**场景1: 收费争议**
客户张先生找公证员李女士公证一份affidavit（宣誓书）。公证完成后，李女士说：""根据§136，我可以收取$2的公证费，但由于这份文件比较复杂，我要收取$10。""

**法律分析**:
李女士的做法**违法**。

**§136的强制性规定**:
- Acknowledgment (承认签字): 最多$2
- Proof of execution (签署证明): 最多$2  
- Oath or affirmation (宣誓): 最多$2
- 这些是**法定最高收费**，不能超过

**正确做法**:
1. 李女士只能收取$2
2. 不能以""复杂""、""紧急""、""额外时间""等理由超额收费
3. 如果客户自愿给小费，这是另一回事，但不能要求

**场景2: 多个签名的公证**
一份文件有3个人需要做acknowledgment。公证员应该收取多少费用？

**正确收费**:
- 每个acknowledgment收费$2
- 3个签名 = 3次acknowledgment = 最多$6
- 即使在一份文件上，每个签名都是独立的公证行为

**场景3: 出行费用**
客户王先生在医院住院，无法前往公证员办公室。公证员赵先生愿意前往医院。王先生问：""我需要额外支付您的出行费用吗？""

**正确做法**:
- §136规定的是公证行为本身的费用($2)
- 出行费用(travel fee)不属于§136规定的范围
- 赵先生**可以**另外收取合理的出行费用，但应事先说明
- 建议做法：
  1. 事先书面协议出行费用（如$50）
  2. 分开列明：公证费$2 + 出行费$50 = 总计$52
  3. 给客户收据，分项列明

**场景4: 免费公证服务**
公证员陈女士在社区中心为低收入居民提供义务公证服务。

**正确理解**:
- §136规定的是**最高**收费
- 公证员**可以**免费提供服务
- 可以收取低于$2的费用
- 这是合法且值得鼓励的社区服务

**场景5: 公证员作为雇员**
银行雇员小刘是notary public。银行要求她为银行客户免费公证，公证费由银行承担。

**正确做法**:
- 这是合法的
- 银行可以作为雇主，为客户提供免费公证服务
- 小刘作为雇员执行公证，薪水由银行支付
- 客户不需要额外支付公证费

**但要注意**:
- 小刘仍然必须遵守所有公证规范
- 不能因为是雇员就降低标准
- 如果银行要求她违规公证，小刘必须拒绝

**重要提醒**: 
- §136的收费上限是强制性的，违反可能导致免职
- 超额收费是公证员常见的违规行为之一
- 收费记录应该保存，证明合规
- 不能通过""咨询费""、""服务费""等名目变相超额收费
- 出行费、复印费等可以另外收取，但必须与公证费分开
- 提供清晰的收费说明，维护职业声誉"
019,"§137. Statement as to authority of notaries public.
","In exercising powers pursuant to this article, a notary public, in addition to the venue of the act and signature of such notary public, shall print, typewrite, stamp, or affix by electronic means where performing an electronic notarial act in conformity with section one hundred thirty-five-c of the executive law, beneath their signature in black ink, the notary public""s name, the words ""Notary Public State of New York,"" the name of the county in which such notary public originally qualified, and the expiration date of such notary public""s commission and, in addition, wherever required, a notary public shall also include the name of any county in which such notary public""s certificate of official character is filed, using the words ""Certificate filed ______________ County.""

A notary public who is duly licensed as an attorney and counselor at law in this State may substitute the words ""Attorney and Counselor at Law"" for the words ""Notary Public.""

A notary public who has qualified or who has filed a certificate of official character in the office of the clerk in a county or counties within the City of New York must also affix to each instrument such notary public""s official number or numbers in black ink, as assigned by the clerk or clerks of such county or counties at the time such notary qualified in such county or counties and, if the instrument is to be recorded in an office of the register of the City of New York in any county within such city and the notary has been given a number or numbers by such register or his predecessors in any county or counties, when the notary public""s autographed signature and certificate are filed in such office or offices pursuant to this chapter, the notary public shall also affix such number or numbers.

No official act of such notary public shall be held invalid on account of the failure to comply with these provisions.

If any notary public shall willfully fail to comply with any of the provisions of this section, the notary public shall be subject to disciplinary action by the secretary of state.

In all the courts within this State the certificate of a notary public, over the signature of the notary public, shall be received as presumptive evidence of the facts contained in such certificate; provided, that any person interested as a party to a suit may contradict, by other evidence, the certificate of a notary public.



---

**实际应用场景**:

**场景1: 公证员印章格式不合规**
周先生刚成为公证员，自己设计并制作了公证印章。印章上只有他的名字和""Notary Public""字样，没有其他信息。

**错误分析**:
周先生的印章缺少关键要素，违反§137规定。

**正确的印章/签名应包含**（全部用黑色墨水）:
1. **地点(Venue)**: 公证行为发生的地点
2. **公证员签名**: 手写或电子签名
3. **公证员姓名**: 打印、打字或盖章
4. **""Notary Public State of New York""**: 必须是这个完整表述
5. **任命县名称**: 最初资格认定的县
6. **委任到期日期**: ""My Commission Expires [日期]""或""Comm. Exp. [日期]""
7. **注册号(如有)**: 如果县书记员分配了注册号，必须包含

**周先生应该重新制作印章，包含所有7项要素。**

**场景2: 电子公证的特殊要求**
林女士获准进行电子公证(electronic notarial act)，但她直接使用实体印章扫描件作为电子签名。

**错误分析**:
电子公证有特殊要求，不能简单使用实体印章扫描件。

**正确做法**:
1. 遵循§135-c关于电子公证的规定
2. 使用""电子方式""(by electronic means)附加所有必要信息
3. 确保电子签名符合电子签名法的要求
4. 电子版本也必须包含全部7项要素
5. 电子公证记录需要特殊的安全保护

**场景3: 新泽西客户要求验证公证员身份**
客户看到公证员王先生的印章上写着""Qualified in Kings County""和""Commission Expires 12/31/2026""，想知道如何验证他的身份。

**客户可以这样验证**:
1. 联系Kings County的county clerk
2. 向clerk提供王先生的姓名和注册号
3. Clerk可以出具Certificate of Official Character
4. 也可以联系New York Secretary of State进行验证

**王先生印章的好处**:
- 清楚显示任命县 → 客户知道向哪个机关验证
- 清楚显示到期日 → 客户知道委任是否有效
- 符合§137全部要求 → 公证文件有效

**重要提醒**: 
- 不合规的印章可能导致公证文件被拒绝
- 所有信息必须用黑色墨水（便于复印和扫描）
- 电子公证和纸质公证的要求相同，只是呈现方式不同
- 公证员应该在制作印章前核对§137的全部要求
- 变更任命县或续期后，必须更新印章上的信息
- 缺少任何一项要素都可能导致公证无效"
020,"§138. Powers of notaries public or other officers who are stockholders, directors, officers or employees of a corporation.
","A notary public, justice of the supreme court, a judge, clerk, deputy clerk, or special deputy clerk of a court, an official examiner of title, or the mayor or recorder of a city, a justice of the peace, surrogate, special surrogate, special county judge, or commissioner of deeds, who is a stockholder, director, officer or employee of a corporation may take the acknowledgment or proof of any party to a written instrument executed to or by such corporation, or administer an oath of any other stockholder, director, officer, employee or agent of such corporation, and such notary public may protest for non-acceptance or non-payment, bills of exchange, drafts, checks, notes and other negotiable instruments owned or held for collection by such corporation;

but none of the officers above named shall take the acknowledgment or proof of a written instrument by or to a corporation of which he is a stockholder, director, officer or employee, if such officer taking such acknowledgment or proof be a party executing such instrument, either individually or as representative of such corporation,

nor shall a notary public protest any negotiable instruments owned or held for collection by such corporation, if such notary public be individually a party to such instrument, or have a financial interest in the subject of same.

All such acknowledgments or proofs of deeds, mortgages or other written instruments, relating to real property heretofore taken before any of the officers aforesaid are confirmed.

This act shall not affect any action or legal proceeding now pending.

---

**实际应用场景**:

**场景1: 公证员能做什么**
客户向公证员咨询：""这份合同对我有利吗？我应该签字吗？""

**公证员的回答**:
""我不能提供法律建议。作为公证员，我的职责是：
1. 核实您的身份
2. 确认您理解这是什么文件（但不解释条款）
3. 确认您是自愿签署
4. 见证您的签名并盖章

如果您对合同内容有疑问，建议您咨询律师。""

**场景2: 超越权限的危险**
公证员王女士是会计师，客户请她在公证遗嘱时提供税务建议。

**错误做法**: 王女士作为公证员身份时提供税务建议。

**正确做法**:
- 作为公证员，仅执行公证职能
- 如要提供会计建议，必须明确区分两种角色
- 但对遗嘱，公证员应完全拒绝公证（遗嘱需要witnesses attestation，不是notarization）

**权限界限**:
- ✓ 可以做: 核实身份、管理宣誓、见证签名、保存记录
- ❌ 不能做: 法律建议、选择文件类型、填写法律表格、作为一方当事人的代理
"
021,"§142-a. Validity of acts of notaries public and commissioners of deeds notwithstanding certain defects.
","Except as provided in subdivision three of this section, the official certificates and other acts heretofore or hereafter made or performed of notaries public and commissioners of deeds heretofore or hereafter and prior to the time of their acts appointed or commissioned as such shall not be deemed invalid, impaired or in any manner defective, so far as they may be affected, impaired or questioned by reason of defects described in subdivision two of this section.

This section shall apply to the following defects:
(a) ineligibility of the notary public or commissioner of deeds to be appointed or commissioned as such;
(b) misnomer or misspelling of name or other error made in his appointment or commission;
(c) omission of the notary public or commissioner of deeds to take or file his official oath or otherwise qualify;
(d) expiration of his term, commission or appointment;
(e) vacating of his office by change of his residence, by acceptance of another public office, or by other action on his part;
(f) the fact that the action was taken outside the jurisdiction where the notary public or commissioner of deeds was authorized to act.

No person shall be entitled to assert the effect of this section to overcome a defect described in subdivision two if he knew of the defect or if the defect was apparent on the face of the certificate of the notary public or commissioner of deeds; provided however, that this subdivision shall not apply after the expiration of six months from the date of the act of the notary public or commissioner of deeds.

After the expiration of six months from the date of the official certificate or other act of the commissioner of deeds, subdivision one of this section shall be applicable to a defect consisting in omission of the certificate of a commissioner of deeds to state the date on which and the place in which an act was done, or consisting of an error in such statement.

This section does not relieve any notary public or commissioner of deeds from criminal liability imposed by reason of his act, or enlarge the actual authority of any such officer, nor limit any other statute or rule of law by reason of which the act of a notary public or commissioner of deeds, or the record thereof, is valid or is deemed valid in any case.



---

**实际应用场景**:

**场景1: 委任状中的技术性错误**
公证员张女士在2022年1月10日被任命，但委任状(commission)上打印的日期错误地写成了2022年1月01日。她在1月15日公证了一份房产契约。现在买家质疑该公证的有效性。

**法律保护 - §142-a**:
根据本条款，张女士的公证**仍然有效**，因为：
1. 她确实在1月10日被正式任命
2. 她在1月15日公证时，任命已经生效
3. 委任状上的日期错误是技术性缺陷(technical defect)
4. §142-a保护这类因文书错误导致的缺陷

**正确处理**:
- 买家的公证文件有效，不需要重新公证
- 张女士应该联系Secretary of State更正委任状
- 保留原始委任状和更正后的委任状作为记录

**场景2: 任命县标注错误**
李先生实际在Kings County被任命，但印章制作商错误地在印章上刻了""Queens County""。他用这个印章公证了20份文件后才发现错误。

**§142-a的保护**:
这20份公证文件**依然有效**，因为：
1. 李先生确实是合法任命的公证员
2. 印章上的县名错误是技术性缺陷
3. 他的公证权力覆盖全州，不限于特定县
4. §142-a旨在保护善意第三方的利益

**李先生应该做什么**:
1. 立即停止使用错误印章
2. 制作正确的新印章
3. 通知近期客户该错误，但告知文件仍然有效
4. 保留错误印章作为记录（不要销毁，可能需要作为证据）

**场景3: 任期到期后短暂延续公证**
赵女士的任期在2023年12月31日到期，但她在2024年1月2日（任期后2天）才意识到并停止公证。在这2天里她公证了3份文件。

**§142-a的可能保护**:
- 如果赵女士已经及时申请续期，只是审批尚未完成 → 文件可能有效
- 如果纯粹是疏忽，任期已明确到期 → 文件可能无效
- 关键在于赵女士的善意和缺陷的性质

**正确的做法**:
1. 赵女士应立即联系Secretary of State说明情况
2. 联系这3份文件的当事人，说明情况
3. 建议他们寻求法律意见，可能需要重新公证
4. 这突显了公证员必须严格监控任期的重要性

**重要提醒**: 
- §142-a保护技术性缺陷，但不保护实质性违规
- 典型的技术性缺陷：日期错误、县名错误、印章不清等
- 不保护的情况：未经任命、利益冲突、欺诈行为
- 公证员不应依赖§142-a作为""保护伞""，仍应严格遵守所有规范
- 发现缺陷后应立即纠正，避免持续错误
- 该条款主要保护善意第三方（文件使用人）的利益"
022,§290. Definitions; effect of article.,"3. The term ?conveyance? includes every written instrument, by which any estate or interest in real property is created, transferred, mortgaged or assigned, or by which the title to any real property may be affected, including an instrument in execution of power, although the power be one of revocation only, and an instrument postponing or subordinating a mortgage lien;

except a will, a lease for a term not exceeding three years, an executory contract for the sale or purchase of lands, and an instrument containing a power to convey real property as the agent or attorney for the owner of such property.

---

**实际应用场景**:

§290条款定义了acknowledgment和proof的关键概念，这些定义影响所有后续的公证行为。

**Acknowledgment实例**:
卖家史密斯女士签署房产契约，前往公证员处。公证员：
1. 核实史密斯女士的身份
2. 询问：""您是否承认这是您的签名，并且是自愿签署的？""
3. 史密斯女士确认
4. 公证员完成acknowledgment证书

关键点：史密斯女士可以在任何时候签署文件（甚至几天前），只要她向公证员""承认""(acknowledge)这是她的签名。

**Proof实例**:
签署人琼斯先生已故。他的遗嘱需要认证，但琼斯先生无法亲自acknowledgment。见证人（当时在场看到琼斯先生签署）前往公证员处，作proof：宣誓证明确实看到琼斯先生签署。

**区别的重要性**:
- Acknowledgment: 签署人亲自向公证员确认
- Proof: 通过subscribing witness证明（签署人无法到场时）
- 使用错误类型的证书会导致文件被拒绝
"
023,"§298. Acknowledgments and proofs within the state.
","The acknowledgment or proof, within this state, of a conveyance of real property situate in this State may be made:

1. At any place within the state, before:
(a) a justice of the supreme court;
(b) an official examiner of title;
(c) an official referee; or
(d) a notary public.

2. Within the district wherein such officer is authorized to perform official duties, before:
(a) a judge or clerk of any court of record;
(b) a commissioner of deeds outside of the City of New York, or a commissioner of deeds of the City of New York within the five counties comprising the City of New York;
(c) the mayor or recorder of a city;
(d) a surrogate, special surrogate, or special county judge; or
(e) the county clerk or other recording officer of a county.

3. Before a justice of the peace, town councilman, village police justice, or a judge of any court of inferior local jurisdiction, anywhere within the county containing the town, village or city in which he is authorized to perform official duties.



---

**实际应用场景**:

**场景1: 选择合适的公证官员**
王先生要卖掉位于Albany的房产，需要公证契约(deed)。他在考虑在哪里、找谁做公证。

**王先生的选项**（根据§298）:

**选项A - 在全州任何地点，找以下人员**:
1. Supreme Court法官
2. Official examiner of title（产权审查员）
3. Official referee（官方仲裁员）
4. **Notary public**（最常见、最便捷）

**选项B - 在特定管辖区内，找以下人员**:
1. Judge或court clerk
2. County clerk
3. 其他§298列出的官员

**王先生的最佳选择**:
- 找notary public最方便
- Notary权限覆盖全州，可以在任何地点
- 费用最低（$2）
- 容易找到（银行、律师事务所、社区中心都有）

**场景2: 公证员的地域限制疑问**
公证员李女士在纽约市被任命。客户在Buffalo要公证Albany的房产文件，问李女士能否公证。

**正确答案**: 可以！
- 根据§298(1)(d)，notary public可以在州内**任何地点**(at any place within the state)公证
- 李女士可以在Buffalo为Albany房产公证
- 房产位置、公证地点、公证员任命地，三者可以完全不同
- 只要三者都在纽约州内即可

**场景3: 县书记员的管辖限制**
客户想找county clerk公证房产文件，但clerk说：""我只能在我的县内公证。""

**正确理解**:
- County clerk的权限限于**其管辖区内**(within the district wherein such officer is authorized)
- 如果客户在该县 → clerk可以公证
- 如果客户在其他县 → clerk无权公证（除非特殊情况）
- 相比之下，notary public的全州权限更灵活

**场景4: 州外房产能否在纽约公证**
赵先生有一处位于新泽西州的房产，他人在纽约。能否在纽约公证该房产文件？

**§298的限制**:
- §298明确规定：""real property situate **in this State**""（位于本州的房产）
- 新泽西房产不适用§298
- 赵先生需要：
  1. 在新泽西找公证员，或
  2. 找有权在外州公证的纽约公证员（需要该州认可），或
  3. 参考§309-b关于州外公证的规定

**重要提醒**: 
- Notary public是最灵活、最常用的选择
- §298列出的其他官员主要在特殊或复杂情况下使用
- 公证员应该向客户解释，自己有全州范围的权限
- 房产位置决定适用的法律和公证要求
- 跨州房产交易需要特别注意公证的有效性"
024,"§302. Acknowledgments and proofs by married women.
","The acknowledgment or proof of a conveyance of real property, within the state, or of any other written instrument, may be made by a married woman the same as if unmarried.

---

**实际应用场景**:

**历史背景**: §302条款是历史遗留，当时已婚妇女的法律地位受限，需要特殊规定。现代法律已废除这些限制。

**现代应用**:
今天，已婚妇女享有与任何其他成年人相同的签署和公证权利。公证员不需要：
- 丈夫的同意
- 单独询问（除非怀疑胁迫）
- 特殊表格

**但仍需警惕的情况**:
如果公证员怀疑已婚妇女受到配偶胁迫：
1. 可以要求私下单独对话
2. 询问是否自愿签署
3. 如有确凿证据表明胁迫，拒绝公证
4. 建议当事人寻求法律援助或家庭暴力资源

**实例**:
张女士与丈夫一起到公证员处签署房屋出售契约。丈夫一直站在旁边，不断催促。公证员礼貌地说：""我需要单独与每位签署人确认。请先生在外面等候几分钟。""然后私下询问张女士是否真心希望出售，是否受到任何压力。

**重要提醒**: 虽然法律已现代化，但公证员仍应对潜在的胁迫保持警觉，无论签署人性别如何。
"
025,"§303. Requisites of acknowledgments.
","An acknowledgment must not be taken by any officer unless he knows or has satisfactory evidence, that the person making it is the person described in and who executed such instrument.



---

**实际应用场景**:

**Acknowledgment的必要要素**（§303规定）:

**场景: 正确的Acknowledgment**
李先生购买商业地产，签署购买协议。

**公证员的职责**:
1. **本人出现**: 李先生必须亲自到公证员面前（不能电话、不能代理人）
2. **身份核查**: 公证员查看李先生的驾照，确认身份
3. **知悉内容**: 公证员询问：""您是否理解这是什么文件？""李先生确认是商业地产购买协议
4. **自愿确认**: 公证员问：""您是自愿签署的吗？""李先生确认
5. **签名确认**: ""这是您的签名吗？""李先生确认
6. 公证员完成acknowledgment证书

**缺少任何一个要素，acknowledgment无效**:

**无效示例1**: 李先生派助手带着已签署的文件和驾照复印件来公证。❌ 本人未出现

**无效示例2**: 公证员接受陌生人，只凭其口头声称身份。❌ 未充分核查身份

**无效示例3**: 李先生明显困惑，不知道文件内容。❌ 未知悉内容

**重要提醒**: §303的要求是强制性的，不是建议。公证员必须确保每个要素都满足，否则承担法律责任。
"
026,"§304. Proof by subscribing witness.
","When the execution of a conveyance is proved by a subscribing witness, such witness must state his own place of residence, and if his place of residence is in a city, the street and street number, if any thereof, and that he knew the person described in and who executed the conveyance. The proof must not be taken unless the officer is personally acquainted with such witness, or has satisfactory evidence that he is the same person, who was a subscribing witness to the conveyance.

---

**实际应用场景**:

**场景: 通过见证人证明文件签署**
陈先生在2020年签署了一份房产契约(deed)，但没有做公证acknowledgment。现在（2024年）他已经去世，买家需要证明该契约的有效性。幸运的是，当时有一位见证人李女士在场见证了签署。

**Proof by Subscribing Witness的程序**（根据§304）:

**第一步：找到合格的见证人**
- 李女士必须是当时在场见证签署的""subscribing witness""（签署见证人）
- 她的名字通常在契约上作为见证人签名

**第二步：李女士向公证员提供信息**
公证员必须记录以下信息：

1. **李女士的居住地址**:
   - 完整的居住地
   - 如果在城市，必须包括街道名称和门牌号
   - 例如：""123 Main Street, Albany, NY 12084""

2. **李女士的证词**:
   - ""我认识文件中描述的人（陈先生）""
   - ""我亲眼看到陈先生签署了该文件""
   - ""签署时陈先生是自愿的，具有完全行为能力""

**第三步：公证员核实李女士的身份**
公证员必须：
- **亲自认识**李女士，或
- 通过**令人满意的证据**(satisfactory evidence)确认李女士的身份

**不能接受的情况**:
- ❌ 公证员对李女士的身份没有把握
- ❌ 李女士通过电话或视频作证（必须亲自出现）
- ❌ 李女士不记得陈先生或签署过程
- ❌ 李女士提供的地址不完整（如只说""Albany""）

**完整案例流程**:

1. **2020年**: 陈先生签署契约，李女士作为见证人在场并签名，但未做acknowledgment
2. **2024年**: 陈先生去世，买家需要证明契约有效
3. **李女士前往公证员处**
4. **公证员核实**: 
   - 检查李女士的ID（驾照显示：123 Main Street, Albany）
   - 询问李女士并记录她的证词
5. **公证员创建Proof证书**:
   - 记录李女士的地址：123 Main Street, Albany, NY
   - 记录李女士认识陈先生
   - 记录李女士见证了签署过程
   - 附上公证员的证书和签名
6. **契约现在有了法律效力**，可以用于房产转让

**Proof vs. Acknowledgment的区别**:
- **Acknowledgment**: 签署人本人承认签名（最常见）
- **Proof**: 通过见证人证明签署（签署人无法出现时使用）

**重要提醒**: 
- Proof程序比acknowledgment更复杂
- 见证人必须亲自认识签署人（不能只是""见过一次""）
- 地址信息必须完整，特别是城市地址
- 公证员对见证人的身份核实标准与对签署人相同
- Proof主要用于签署人已去世或无法出现的情况
- 这是保护房产交易安全的重要机制"
027,"§306. Certificate of acknowledgment or proof.
","A person taking the acknowledgment or proof of a conveyance must endorse thereupon or attach thereto, a certificate, signed by himself, stating all the matters required to be done, known, or proved on the taking of such acknowledgment or proof, together with the name and substance of the testimony of each witness examined before him, and if a subscribing witness, his place of residence.

---

**实际应用场景**:

**场景1: 不完整的公证证书导致契约被拒**
公证员张先生为房产契约做了acknowledgment，但他的证书上只写了：
""Acknowledged before me on March 15, 2024. [签名] John Zhang, Notary Public""

一周后，买家的律师拒绝接受该契约，说证书不完整。

**问题分析**:
张先生的证书违反了§306，缺少以下必要信息：

**§306要求的完整证书内容**:

1. **所有required信息**:
   - 签署人的姓名
   - 出现的日期和地点
   - 确认身份的方式（亲自认识/ID类型）
   - Acknowledgment的性质（自愿签署、了解内容等）

2. **如果是Proof by witness**:
   - 见证人的姓名
   - 见证人的证词内容(substance of the testimony)
   - 见证人的居住地址

3. **公证员信息**:
   - 公证员签名
   - 公证员姓名（打印）
   - ""Notary Public State of New York""
   - 任命县
   - 委任到期日

**张先生应该如何纠正**:
1. 联系签署人，请其再次出现
2. 创建完整的新证书
3. 使用正确的制式表格（参见§309-a）

**场景2: 见证人证明的完整记录**
公证员李女士为一份遗嘱做proof（通过见证人），见证人是王先生。

**李女士必须在证书中记录**:

```
Certificate of Proof

State of New York    )
                      ) ss.:
County of Kings      )

On April 20, 2024, before me, the undersigned notary public, personally appeared WANG Ming, who being by me duly sworn, did depose and say:

Witness Information:
Name: WANG Ming
Residence: 456 Oak Avenue, Brooklyn, NY 11201

Testimony:
1. That he resides at the above address
2. That he was personally acquainted with CHEN Li (the testator)
3. That he was present and saw CHEN Li execute the will dated January 5, 2024
4. That CHEN Li signed the will in the presence of the witness
5. That CHEN Li appeared to be of sound mind and under no duress

Identity Verification:
The witness was identified by New York State Driver License #123456789

[公证员签名和印章]
Lisa Liu, Notary Public
State of New York
Qualified in Kings County
Commission Expires: 12/31/2026
```

**关键要点**:
- 见证人的每一句证词都要记录
- 地址必须完整
- 身份核实方式要明确

**场景3: Acknowledgment vs. Proof证书的区别**

**Acknowledgment证书**（常见）:
- 签署人本人出现
- 签署人承认签名是自己的
- 证书记录签署人的确认

**Proof证书**（特殊情况）:
- 见证人出现（签署人无法出现）
- 见证人作证见到签署过程
- 证书记录见证人的完整证词

**重要提醒**: 
- §306是公证证书的""质量控制""条款
- 不完整的证书可能导致整个交易无效
- 使用标准表格（§309-a, §309-b）可以避免遗漏
- 证书必须""附加或背书""(endorse thereupon or attach thereto)在文件上
- 不要只签名，必须提供完整证书
- 保留公证记录副本，以备将来查询
- 见证人证明的证书比acknowledgment复杂得多，需要更多细节"
028,"§309-a. Uniform forms of certificates of acknowledgment or proof within this state.
","1. The certificate of an acknowledgment, within this State, or a conveyance or other instrument in respect to real property situate in this State, by a person, must conform substantially with the following form, the blanks being properly filled:

State of New York  )
                    ) ss.:
County of . . . . . )

On the . . . . . day of . . . . . in the year . . . . . before me, the undersigned, personally appeared . . . . ., personally known to me or proved to me on the basis of satisfactory evidence to be the individual(s) whose name(s) is (are) subscribed to the within instrument and acknowledged to me that he/she/they executed the same in his/her/their capacity(ies), and that by his/her/their signature(s) on the instrument, the individual(s), or the person upon behalf of which the individual(s) acted, executed the instrument.
(Signature and office of individual taking acknowledgment.)
2. The certificate for a proof of execution by a subscribing witness, within this state, of a conveyance or other instrument made by any person in respect to real property situate in this state, must conform substantially with the following form, the blanks being properly filled:

State of New York  )
                    ) ss.:
County of . . . . . )

On the . . . . . day of . . . . . in the year . . . . . before me, the undersigned, personally appeared . . . . ., the subscribing witness to the foregoing instrument, with whom I am personally acquainted, who, being by me duly sworn, did depose and say that he/she/they reside(s) in . . . . . . (if the place of residence is in a city, include the street and street number, if any, thereof); that he/she/they know(s) . . . . . . to be the individual described in and who executed the foregoing instrument; that said subscribing witness was present and saw said . . . . . . execute the same; and that said witness at the same time subscribed his/her/their name(s) as a witness thereto.
(Signature and office of individual taking proof.)
3. A certificate of an acknowledgment or proof taken under §300 of this article shall include the additional information required by that section.
4. For the purposes of this section, the term ?person? means any corporation, joint stock company, estate, general partnership (including any registered limited liability partnership or foreign limited liability partnership), limited liability company (including a professional service limited liability company), foreign limited liability company (including a foreign professional service limited liability company), joint venture, limited partnership, natural person, attorney in fact, real estate investment trust, business trust or other trust, custodian, nominee or any other individual or entity in its own or any representative capacity.


---

**实际应用场景**:

**场景1: 使用标准表格避免错误**
新公证员刘先生刚开始执业，为了""专业""，他自己设计了一套公证证书格式。结果客户的文件被县书记员拒绝，说格式不符合要求。

**问题分析**:
§309-a提供了**统一标准表格**(uniform forms)，公证员应该使用这些表格或""基本符合""(substantially conform)的表格。

**正确做法**:
1. 使用§309-a规定的标准表格
2. 正确填写所有空白处
3. 不要遗漏任何必填项
4. 不要添加未经授权的内容

**§309-a标准表格的关键要素**:

```
State of New York        )
                         ) ss.:
County of [任命县]       )

On the [日期] day of [月份] in the year [年份] 
before me, the undersigned, personally appeared 
[签署人姓名], personally known to me or proved 
to me on the basis of satisfactory evidence to 
be the individual whose name is subscribed to 
the within instrument and acknowledged to me 
that he/she executed the same in his/her 
capacity, and that by his/her signature on the 
instrument, the individual, or the person upon 
behalf of which the individual acted, executed 
the instrument.

[公证员签名]
[公证员姓名，打印]
Notary Public State of New York
Qualified in [县名] County
Commission Expires: [日期]
```

**场景2: 填写表格的常见错误**
公证员陈女士使用了标准表格，但在填写时犯了一些错误：
- 日期写成 ""3/15/2024"" 而不是 ""15th day of March in the year 2024""
- 身份核实方式未填写（personally known / satisfactory evidence）
- 县名填错

**正确的填写方式**:

**日期部分**:
- ✓ ""15th day of March in the year 2024""
- ❌ ""3/15/2024""（虽然通常可以接受，但标准表格要求完整书写）

**身份核实**:
必须选择一个并划掉另一个：
- ""personally known to me"" 或
- ""proved to me on the basis of satisfactory evidence""
- 不能两个都不选，也不能两个都选

**县名**:
- 必须是公证员的任命县
- 即使公证发生在其他县，这里仍填写任命县

**场景3: 公司官员签署的特殊表格**
李先生作为ABC公司的CEO签署房产契约。公证员王女士使用了个人签署的标准表格。

**错误**:
§309-a为不同类型的签署人提供了不同表格：
1. Individual（个人）
2. Corporation（公司）
3. Partnership（合伙）
4. Attorney-in-fact（授权代理人）
5. 其他

**正确做法**:
王女士应该使用公司官员的表格，关键区别在于承认语句：

""acknowledged to me that he/she executed the same **in his/her capacity as [职位] of [公司名], and that by his/her signature on the instrument, the person, or entity upon behalf of which the person acted, executed the instrument**""

**场景4: 多个签署人的处理**
一份契约有3个共同所有人签署。公证员应该如何处理？

**选项A**: 每个人单独的证书（推荐）
- 为每个签署人填写一份完整的表格
- 清晰、明确
- 如果有人后来有争议，不影响其他人

**选项B**: 一个联合证书
- 可以使用，但要确保表格语言适用于多人
- 改为复数：""personally appeared [姓名1], [姓名2], [姓名3]...they executed...""

**重要提醒**: 
- §309-a的表格是""safe harbor""（安全港），使用这些表格可以避免格式争议
- ""Substantially conform""意味着可以有小的调整，但核心内容必须完整
- 不要创新或""改进""标准表格，风险很大
- 空白处必须全部填写，不能留空
- 使用打字或清晰手写填写，确保可读性
- 保留填写示例作为参考，提高效率和准确性"
029,"§309-b. Uniform forms of certificates of acknowledgment or proof without this state.
","1.
The certificate of an acknowledgment, without this State, of a conveyance or other instrument with respect to real property situate in this State, by a person, may conform substantially with the following form, the blanks being properly filled:State, District of Columbia,        )
Territory, Possession, or           ) ss.:
Foreign Country                     )
On the . . . . . . day of . . . . . . in the year . . . . . . before me, the undersigned, personally appeared . . . . ., personally known to me or proved to me on the basis of satisfactory evidence to be the individual(s) whose name(s) is (are) subscribed to the within instrument and acknowledged to me that he/she/they executed the same in his/her/their capacity(ies), and that by his/her/their signature(s) on the instrument, the individual(s), or the person upon behalf of which the individual(s) acted, executed the instrument.
(Signature and office of individual taking acknowledgment.)

2.
The certificate for a proof of execution by a subscribing witness, without this State, of a conveyance or other instrument made by any person in respect to real property situate in this State, may conform substantially with the following form, the blanks being properly filled:
State, District of Columbia,        )
Territory, Possession, or           ) ss.:
Foreign Country                     )
On the . . . . . . day of . . . . . . in the year . . . . . . before me, the undersigned, personally appeared . . . . ., the subscribing witness to the foregoing instrument, with whom I am personally acquainted, who, being by me duly sworn, did depose and say that he/she resides in . . . . . . (if the place of residence is in a city, include the street and street number, if any, thereof); that he/she knows . . . . . . to be the individual described in and who executed the foregoing instrument; that said subscribing witness was present and saw said . . . . . . execute the same; and that said witness at the same time subscribed his/her name as a witness thereto.
(Signature and office of individual taking proof.)

3.
No provision of this section shall be construed to:

(a) modify the choice of laws afforded by §§299-a and 301-a of this article pursuant to which an acknowledgment or proof may be taken;
(b) modify any requirement of §307 of this article;
(c) modify any requirement for a seal imposed by subdivision one of §308 of this article;
(d) modify any requirement concerning a certificate of authentication imposed by §308, 311, 312, 314, or 318 of this article; or
(e) modify any requirement imposed by any provision of this article when the certificate of acknowledgment or proof purports to be taken in the manner prescribed by the laws of another state, the District of Columbia, territory, possession, or foreign country.

4.
A certificate of an acknowledgment or proof taken under §300 of this article shall include the additional information required by that section.

5.
For the purposes of this section, the term ?person? means a person as defined in subdivision 4 of §309-a of this article.

6.
The inclusion within the body (other than the jurat) of a certificate of acknowledgment or proof made under this section or the city or other political subdivision and the state or country or other place the acknowledgment was taken shall be deemed. A non-substantial variance from the form of a certificate authorized by this section.

---

**实际应用场景**:

**场景1: 在佛罗里达州公证纽约房产文件**
张先生在佛罗里达州退休居住，但他在纽约州有一处房产要出售。买家要求公证的契约。张先生能否在佛罗里达州做公证？

**正确做法**:
可以！根据§309-b，**州外公证**纽约房产文件是允许的。

**步骤**:
1. 张先生在佛罗里达找一位当地授权的公证官员
2. 该官员使用§309-b规定的州外公证表格
3. 表格格式与§309-a类似，但地点部分不同：

```
State of Florida         )
                         ) ss.:
County of Miami-Dade     )

On the 15th day of March in the year 2024,
before me personally appeared ZHANG Wei...
[其余内容与州内表格相似]

[佛罗里达公证员签名和印章]
```

4. 该公证对纽约房产文件完全有效

**场景2: 纽约公证员能否使用§309-b表格？**
公证员李女士是纽约公证员，客户误给她§309-b表格（州外表格）。

**错误**:
- 李女士在纽约
- 应该使用§309-a表格（州内表格）
- §309-b是给州外公证员用的

**正确做法**:
- 告诉客户更换表格
- 使用正确的§309-a州内表格

**场景3: 国外公证纽约房产文件**
王先生在中国，需要公证纽约房产的授权书(Power of Attorney)。

**复杂但可行的流程**:

**第一步：在中国公证**
1. 找当地公证员或美国领事馆官员
2. 使用§309-b表格或其""基本符合""的表格：

```
Foreign Country: China   )
                         ) ss.:
City: Beijing            )

On the [日期]...
```

**第二步：认证链(Authentication Chain)**
对于国外公证，通常还需要：
1. **公证** (Notarization) - 本地公证员
2. **Apostille** (如果中国是海牙公约成员国) 或
3. **领事认证** (Consular Legalization)
   - 中国外交部认证
   - 中国的美国大使馆/领事馆认证

**第三步：在纽约使用**
- 附上完整的认证链
- 提交给纽约的相关机关（县书记员、法院等）

**场景4: §309-b的""may conform""vs. §309-a的""must conform""**
细心的客户发现§309-a说""must""，§309-b说""may""。有什么区别？

**重要区别**:

**§309-a (州内)**: ""**must** conform substantially""
- 更严格
- 强烈建议使用标准表格
- 纽约州对州内公证有直接管辖权

**§309-b (州外)**: ""**may** conform substantially""  
- 更灵活
- 认可其他州/国家可能有自己的表格要求
- 只要包含必要信息即可
- 纽约州对其他州的公证员没有管辖权

**实际影响**:
- 州外公证可以使用当地标准表格
- 但使用§309-b表格更保险，避免被纽约机关拒绝

**重要提醒**: 
- §309-b扩大了纽约房产交易的便利性，允许州外/国外公证
- 对于国际交易，Apostille/领事认证可能是必需的
- 州外公证员不需要纽约notary资格
- 州外公证必须符合当地法律（佛罗里达公证员必须遵守佛罗里达法律）
- 如有疑问，建议咨询房产律师确保公证被纽约接受
- 远程电子公证(Remote Online Notarization)可能是另一个选项（参见§135-c）"
030,"§330. Officers guilty of malfeasance liable for damages.
","An officer authorized to take the acknowledgment or proof of a conveyance or other instrument, or to certify such proof or acknowledgment, or to record the same, who is guilty of malfeasance or fraudulent practice in the execution of any duty prescribed by law in relation thereto, is liable in damages to the person injured.

---

**实际应用场景**:

**场景1: 公证员欺诈性公证导致重大损失**
公证员赵先生与房产诈骗犯串通，明知签署人不是真正的房主，却仍然公证了房产转让契约。真正的房主发现后，房产已被转卖给善意第三方。房主损失$500,000。

**法律后果 - §330**:
1. **刑事责任**: 赵先生的行为构成欺诈(fraud)，可能面临：
   - 重罪指控
   - 监禁
   - 罚款

2. **民事责任**: 根据§330，赵先生**个人承担损害赔偿**：
   - 房主可以起诉赵先生要求$500,000赔偿
   - 赵先生的""公证员保证金""(notary bond)如有，可以赔付部分
   - 不足部分，赵先生需用个人财产偿还

3. **职业后果**:
   - 立即被Secretary of State免职
   - 永久不得再任命为公证员
   - 吊销执照

**关键点**: §330不仅是纪律处分，受害人可以**直接起诉索赔**。

**场景2: 县书记员的疏忽记录**
County clerk李女士负责记录房产契约。一份契约因她的疏忽被记录到错误的地块(parcel)上，导致真正的买家无法获得清晰产权，交易延误6个月，买家损失$50,000（包括临时住房、贷款利息等）。

**§330的适用**:
1. **Clerk是""授权官员""**: County clerk授权记录房产文件
2. **疏忽构成""malfeasance""**: 错误记录是职责失当
3. **直接损失**: 买家的损失直接由该错误造成

**买家的救济**:
- 可以起诉李女士和/或其雇主（县政府）
- 索赔$50,000实际损失
- 可能还有其他法律救济途径

**李女士的防御**:
- 如果是无意疏忽（negligence）vs 故意失职（malfeasance），可能影响责任程度
- 可能有政府雇员的豁免保护（但§330可能穿透该保护）

**场景3: 公证员未亲眼见证签署**
公证员陈女士在电话中告诉客户：""你先签字，然后把文件送过来，我给你公证。""客户照做了。陈女士在未见到客户本人的情况下完成了公证。后来发现该文件是伪造的，给银行造成$100,000损失。

**§330分析**:
1. **严重违规**: 未经亲眼见证就公证是严重违反职责
2. **Malfeasance**: 这构成职责失当，甚至可能是fraudulent practice
3. **因果关系**: 如果陈女士正确履职（要求亲自出现），欺诈就会被发现

**陈女士的责任**:
- 银行可以起诉陈女士索赔$100,000
- 陈女士不能辩称""我不知道是欺诈""——她的职责就是防止这种情况
- 可能面临刑事指控

**场景4: 公证员的保护措施**

聪明的公证员会采取以下措施保护自己，避免§330责任：

**1. 购买E&O保险**(Errors & Omissions Insurance)
- 虽然不是法律要求，但强烈建议
- 覆盖因疏忽导致的索赔
- 通常不覆盖故意欺诈

**2. 严格遵守程序**
- 始终要求亲自出现
- 仔细核实身份
- 保持详细记录
- 如有疑问，拒绝公证

**3. 避免利益冲突**
- 严格遵守disqualification规则
- 不为家人、雇主、有利益关系的人公证

**4. 继续教育**
- 定期更新知识
- 了解常见欺诈手段
- 参加职业培训

**重要提醒**: 
- §330使公证员和其他官员**个人承担责任**，不是由政府承担
- ""Malfeasance""(职责失当) 比普通疏忽更严重，通常涉及故意或重大过失
- ""Fraudulent practice""(欺诈行为) 是最严重的，必定导致责任
- 受害人可以直接起诉，不需要先通过Secretary of State
- 公证员应该购买保险，但保险不覆盖故意违法行为
- 最好的保护是严格遵守职业规范，从不投机取巧
- 一次违规可能导致终身的财务和法律后果"
031,"§333. When conveyances of real property not to be recorded.
","A recording officer shall not record or accept for record any conveyance of real property, unless said conveyance in its entirety and the certificate of acknowledgment or proof and the authentication thereof, other than proper names therein which may be in another language provided they are written in English letters or characters, shall be in the English language, or unless such conveyance, certificate of acknowledgment or proof, and the authentication thereof be accompanied by and have attached thereto a translation in the English language duly executed and acknowledged by the person or persons making such conveyance and proved and authenticated, if need be, in the manner required of conveyances for recording in this state, or, unless such conveyance, certificate of acknowledgment or proof, and the authentication thereof be accompanied by and have attached thereto a translation in the English language made by a person duly designated for such purpose by the county judge of the county where it is desired to record such conveyance or a justice of the supreme court and be duly signed, acknowledged and certified under oath or upon affirmation by such person before such judge, to be a true and accurate translation and contain a certification of the designation of such person by such judge.



## 关键要点

1. **违规公证的文件不得记录** - County clerk不得记录违反公证法律的房产转让文件
2. **禁止特定人员公证** - 文件的授予人(grantor)、受让人(grantee)或配偶不能担任该文件的公证员
3. **利益冲突禁止** - 在交易中有利益关系的人不能为该交易公证
4. **clerk的审查职责** - County clerk有责任审查公证是否合规
5. **违规记录无效** - 违反本条规定记录的文件可能被视为无效

## 对公证员的实践影响

**为什么这很重要**:
本条款是防止利益冲突的关键法律保障。公证员必须明白：

**情景1 - 房产交易**:
- 如果你是房产卖家 → 不能公证自己的出售契约
- 如果你是房产买家 → 不能公证自己的购买文件  
- 如果你的配偶买卖房产 → 不能公证配偶的契约

**情景2 - County clerk的保护**:
- Clerk会审查公证是否合规
- 如果发现公证员是当事人或配偶，会拒绝记录
- 这保护了公众和房产交易的完整性

**实践建议**:
- 涉及房产文件时，总是询问自己是否有任何利益关系
- 如有疑问，拒绝公证并建议找其他公证员
- 记住：违规公证不仅文件无效，还可能导致职业处分

**常见错误**:
❌ 为自己购买的房产公证贷款文件
❌ 为配偶的房产转让公证
❌ 为自己有股份的公司的房产交易公证

**参见**: Lesson 012 (Notary disqualifications) 关于利益冲突的详细讨论"
032,"Special Note

","By reason of changes in certain provisions of the Real Property Law, any and all limitations on the authority of a notary public to act as such in any part of the State have been removed; a notary public may now, in addition to administering oaths or taking affidavits anywhere in the State, take acknowledgments and proofs of conveyances anywhere in the State. The need for a certificate of authentication of a county clerk as a prerequisite to recording or use in evidence in this State of the instrument acknowledged or proved has been abolished. The certificate of authentication may possibly be required where the instrument is to be recorded or used in evidence outside the jurisdiction of the State.

Effective September 23, 2012, recording officers (County Clerks) may receive and record digitized paper documents and electronic records affecting real property, including real property transfer documents such as deeds, mortgages, notes and accompanying documents. The Office of Information Technology Services (ITS) has promulgated rules and regulations to support the implementation of electronic recording by local recording officers.

## 关键要点

1. **外语广告限制** - 公证员使用外语广告有严格限制
2. **误导性语言禁止** - 不得使用可能误导公众的外语术语
3. **""Notario""等术语禁止** - 在某些文化中有特殊含义的术语被禁止
4. **罚款和吊销** - 违反可导致罚款和吊销执照
5. **保护移民社区** - 本规定旨在保护不熟悉美国法律的移民

## 对公证员的实践影响

**理解外语广告的严格限制**:

**禁用的外语术语**（根据§135-b）:
在任何非英语广告中不得使用：
- ❌ ""Notario""（西班牙语）
- ❌ ""Notario Publico""
- ❌ ""Notaire""（法语）
- ❌ ""Notarius""（其他语言）
- ❌ 任何暗示比美国notary更多权力的外语术语

**为什么这很重要**:

在许多国家（拉丁美洲、欧洲），""Notario""是高级法律专业人员：
- 相当于律师甚至法官
- 需要法学院教育和资格考试
- 可以提供法律建议、起草合同、代理诉讼

但美国的notary public只是：
- 见证签名的公共官员
- 不需要法律教育
- **不能**提供法律建议
- **不能**代理法律事务

**移民可能被误导**:
西班牙语客户看到""Notario""广告，可能误以为该公证员可以：
- 帮助填写移民表格
- 提供法律建议
- 代理移民案件
这些都是**非法**的（除非公证员也是律师）。

**正确的外语广告方式**:

**如果你想用西班牙语广告**:

✓ **可以**:
```
Notary Public / Servicio de Notarización
[你的名字]
New York State Notary Public
(Nota: No soy abogado. No puedo dar consejos legales.)
```

✓ **可以**:
```
[Your Name]
Public Notary Services
Servicios Notariales
I am not an attorney. I cannot provide legal advice.
No soy abogado. No puedo dar consejos legales.
```

❌ **禁止**:
```
Notario Publico
[你的名字]
Asistencia con Inmigración
```

**必须包含的免责声明**:
如果用外语广告，必须包含（用同样的语言）：
- ""I am not an attorney licensed to practice law""
- ""I am not allowed to draft legal documents or give legal advice""
- ""I cannot represent you in immigration or other legal matters""

**实践场景**:

**场景 - 移民社区服务**:
张先生是华人社区的公证员，想服务同胞。他用中文做广告：""公证服务""。

**正确做法**:
```
张明 (Ming Zhang)
纽约州公证员 (New York State Notary Public)
公证签名服务 (Notarization Services)

重要声明：
- 本人不是律师
- 不能提供法律建议
- 不能代理移民或法律案件
- 仅提供公证签名服务
```

**场景 - 违规后果**:
刘女士用""Notario Publico""做西班牙语广告，还说可以""帮助移民文件""。

**后果**:
- 违反§135-b (Advertising)
- 可能构成非法从事法律业务
- Secretary of State罚款和吊销执照
- 可能面临刑事指控
- 客户可以起诉索赔损失

**重要提醒**:
- 这不是语言歧视，而是保护公众
- 你可以用任何语言服务客户
- 只是不能用误导性的外语术语广告
- 始终明确你的有限权力
- 如果不确定，用英语""Notary Public""最安全

**参见**:
- Lesson 016 (§135-b. Advertising) - 广告规定详细讨论
- Lesson 040 (Illegal practice of law) - 非法从事法律业务
- Lesson 020 (§138. Powers) - 公证员权力的界限"
033,"§335. Banking Law
","If the rental fee of any safe deposit box is not paid, or after the termination of the lease for such box, and at least 30 days after giving proper notice to the lessee, the lessor (bank) may, in the presence of a notary public, open the safe deposit box, remove and inventory the contents. The notary public shall then file with the lessor a certificate under seal which states the date of the opening of the safe deposit box, the name of the lessee, and a list of the contents. Within 10 days of the opening of the safe deposit box, a copy of this certificate must be mailed to the lessee at his last known postal address.

## 关键要点

1. **银行雇员可担任公证员** - 银行、信托公司的员工可以担任notary public
2. **可为雇主公证** - 银行雇员可以为自己的雇主（银行）公证文件
3. **特殊豁免** - 这是对一般利益冲突规则的特殊豁免
4. **银行业务需要** - 基于银行日常业务的实际需要
5. **仍需遵守其他规则** - 但仍要遵守其他公证职业道德规范

## 对公证员的实践影响

**这对银行公证员意味着什么**:

**合法情景**:
- ✓ 银行柜员为银行的贷款文件公证
- ✓ 银行员工为银行作为当事方的文件公证
- ✓ 信托公司员工为公司文件公证

**为什么有这个例外**:
银行每天处理大量需要公证的文件（贷款、抵押、授权书等）。如果银行员工不能为雇主公证，银行业务将难以进行。

**仍然禁止的情况**:
- ❌ 为自己的个人贷款公证（个人利益冲突）
- ❌ 为配偶或亲属的贷款公证（家庭利益冲突）
- ❌ 未亲自见证签署就公证（程序违规）
- ❌ 为自己不确定身份的人公证（身份核实要求）

**实践建议**:
1. 作为银行雇员公证员，你享有特权，但责任更大
2. 虽然可以为雇主公证，但不能降低标准
3. 必须严格遵守所有程序要求（亲自出现、身份核实等）
4. 如涉及个人利益，仍然必须回避

**与其他规则的关系**:
- Banking Law §335给予豁免
- 但§330 (malfeasance责任) 仍然适用
- Disqualification规则中的个人利益冲突仍然适用

**参见**: Lesson 012 (利益冲突), Lesson 030 (责任)"
034,"Rule 3113. Civil Practice Law and Rules
","This rule authorizes a deposition to be taken before a notary public in a civil proceeding. A deposition is sworn testimony taken out of court, where a notary administers the oath to the witness. The notary's role is to ensure the deponent is properly sworn and to certify the testimony. This is a critical function in litigation and discovery processes.

## 关键要点

1. **法院书记员的公证权** - Court clerk有权管理宣誓和做公证
2. **法律程序的组成部分** - 这是民事诉讼程序的一部分
3. **官方地位** - Clerk作为法院官员的公证行为具有官方效力
4. **无需额外公证员** - 在法院程序中，不需要寻找外部公证员

## 对公证员的实践影响

**理解法院系统中的公证**:

**Court clerk的特殊地位**:
- Clerk可以管理宣誓(administer oaths)
- 可以为法庭文件做公证acknowledgment
- 在法院管辖区内行使权力
- 不需要独立的notary public任命（clerk职位自带权力）

**对普通公证员的意义**:

**合作关系**:
- ✓ 法院文件通常由clerk公证
- ✓ 但法院外的相关文件可能需要notary public
- ✓ 理解clerk的权限，避免不必要的重复公证

**分工**:
- **Court clerk负责**: 法庭内的宣誓、affidavits、法院文件
- **Notary public负责**: 法院外的一般公证、商业文件、房产文件

**实践场景**:

**场景1 - 诉讼文件**:
客户要提交诉讼affidavit，问公证员能否公证。
- 公证员可以公证，但
- 也可以建议客户去court clerk's office（可能更方便/便宜）
- Clerk有权且熟悉法院文件格式

**场景2 - 法院外使用**:
客户需要公证一份要提交给法院的商业合同。
- 这种情况notary public更合适
- Clerk主要处理法院程序性文件
- 普通商业合同应找notary public

**不要混淆**:
- Clerk的公证权基于Rule 3113 (CPLR)
- Notary public的权基于Executive Law §130-143
- 两者都有效，但适用范围不同

**参见**: Lesson 002 (Appointment), Lesson 023 (不同官员的公证权限)"
035,"§11. Domestic Relations Law
","A notary public has no authority to solemnize marriages; nor may a notary public take the acknowledgment of parties and witnesses to a written contract of marriage.



## 关键要点

1. **婚姻文件公证** - 涉及婚姻关系的某些文件需要公证
2. **家庭法领域** - 本条款属于家庭关系法(Domestic Relations Law)
3. **特定文件要求** - 婚姻证明、离婚文件等可能需要公证
4. **敏感性高** - 家庭法文件通常涉及敏感个人信息

## 对公证员的实践影响

**处理婚姻和家庭法文件的特殊考虑**:

**常见需要公证的家庭法文件**:
- 婚前协议(prenuptial agreements)
- 分居协议(separation agreements)
- 配偶同意书(spousal consent forms)
- 姓名变更文件(name change documents)
- 子女监护权文件(custody documents)
- 授权书(powers of attorney)特别是涉及家庭成员的

**特殊注意事项**:

**1. 胁迫风险**:
家庭法文件中，必须特别警惕一方是否受到胁迫。
- 观察签署人是否有压力、恐惧迹象
- 如果配偶在场且施压，考虑单独询问
- 有疑虑时，拒绝公证

**2. 利益冲突**:
- ❌ 不能为自己的婚姻文件公证
- ❌ 不能为配偶的文件公证（明确禁止）
- ❌ 不能为近亲的家庭法文件公证

**3. 隐私保护**:
家庭法文件包含高度敏感信息：
- 保持公证记录的机密性
- 不讨论或泄露文件内容
- 安全存储公证日志

**实践场景**:

**场景1 - 离婚协议**:
一对夫妇带着分居协议来公证。丈夫看起来主导一切，妻子沉默。

**正确做法**:
- 要求单独与每人交谈
- 确认妻子理解文件内容
- 确认妻子是自愿签署
- 如有任何胁迫迹象，拒绝公证

**场景2 - 配偶同意书**:
某人需要配偶同意出售共有房产的同意书公证。配偶未出现。

**正确做法**:
- 拒绝公证
- 配偶必须亲自出现（参见§135 powers and duties）
- 不能接受代理或电话确认

**重要提醒**:
- 家庭法公证比普通商业公证更敏感
- 当事人可能处于情绪压力下
- 保持专业、中立、同情
- 但不提供法律建议（除非你是律师）
- 疑义时拒绝公证

**参见**: 
- Lesson 024 (§302. Married women) - 配偶公证的历史和现代规定
- Lesson 012 (Disqualifications) - 配偶利益冲突
- Lesson 014 (§135. Powers) - 亲自出现要求"
036,"§10. Public Officers Law
","Official oaths permit the oath of a public officer to be administered by a notary public. When individuals are appointed to public office, they must take an oath of office. A notary public is authorized to administer this oath, making it official and legally binding. This includes oaths for elected officials, appointed officers, and other public servants.

## 关键要点

1. **公职人员的法律地位** - 定义公职人员(public officers)的权力和义务
2. **官方行为的效力** - 公职人员在职责范围内的行为具有法律效力
3. **公证员属于公职人员** - Notary public被视为公职人员
4. **受公法约束** - 公证员受Public Officers Law的规范和保护

## 对公证员的实践影响

**作为公职人员的身份认知**:

**双重身份**:
公证员虽然可能是私人受雇或独立执业，但在履行公证职责时，你是**公职人员**：
- 代表州政府(State of New York)
- 行使公共权力
- 受公法约束和保护
- 承担公共责任

**这意味着什么**:

**1. 更高的职业标准**:
- 不仅是提供服务，而是履行公共职责
- 公众对你有更高的信任期待
- 违规的后果更严重（不仅是民事，还可能刑事）

**2. 法律保护**:
Public Officers Law提供一些保护：
- 官方行为(official acts)的法律效力受保护
- §142-a对技术性错误的保护
- 但不保护违法或失职行为

**3. 法律约束**:
受多项法律约束：
- Executive Law §130-143 (notary specific)
- Public Officers Law §10 及其他条款
- Real Property Law (房产公证)
- Penal Law (刑事责任)

**实践建议**:

**理解公共责任**:
- 你不是为自己工作，而是为公众
- 即使是私人雇员，公证时代表州政府
- 不能因雇主压力而违规公证

**场景 - 雇主要求违规**:
你在银行工作。经理要求你在客户未出现时""帮忙""公证文件。

**正确态度**:
- ""虽然我是银行员工，但作为notary public，我是州政府的官员""
- ""我的公证职责不受雇主控制""
- ""违规公证会导致我个人的刑事和民事责任""
- 坚决拒绝

**公职人员的特权与责任**:
✓ 特权: 公证行为的法律效力、官方身份
✗ 责任: 更高的职业标准、公共问责、法律责任

**重要提醒**:
- 将自己视为""公共服务者""而非""服务提供商""
- 公众利益高于个人或雇主利益
- 维护notary public作为公职的尊严和完整性

**参见**:
- Lesson 001 (Professional Conduct) - 职业道德
- Lesson 030 (§330. Malfeasance) - 公职人员的责任
- Lesson 040 (Illegal practice of law) - 公职人员的界限"
037,"§484. None but attorneys to practice in the state.
","No natural person shall ask or receive, directly or indirectly, compensation for appearing for a person other than himself as attorney in any court or before any magistrate, or for preparing deeds, mortgages, assignments, discharges, leases or any other instruments affecting real estate, wills, codicils, or any other instrument affecting the disposition of property after death, or decedents? estates, or pleadings of any kind in any action brought before any court of record in this state, or make it a business to practice for another as an attorney in any court or before any magistrate unless he has been regularly admitted to practice, as an attorney or counselor, in the courts of record in the state; but nothing in this section shall apply:

1. to officers of societies for the prevention of cruelty, duly appointed, when exercising the special powers conferred upon such corporations under §1403 of the Not-for-Profit Corporation Law; or

2. to law students who have completed at least 2 semesters of law school or persons who have graduated from a law school, who have taken the examination for admittance to practice law in the courts of record in the state immediately available after graduation from law school, or the examination immediately available after being notified by the board of law examiners that they failed to pass said exam, and who have not been notified by the board of law examiners that they have failed to pass two such examinations, acting under the supervision of a legal aid organization, when such students and persons are acting under a program approved by the appellate division of the supreme court of the department in which the principal office of such organization is located and specifying the extent to which such students and persons may engage in activities prohibited by this statute; or

3. to persons who have graduated from a law school approved pursuant to the rules of the court of appeals for the admission of attorneys and counselors-at-law and who have taken the examination for admission to practice as an attorney and counselor-at-law immediately available after graduation from law school or the examination immediately available after being notified by the board of law examiners that they failed to pass said exam, and who have not been notified by the board of law examiners that they have failed to pass two such examinations, when such persons are acting under the supervision of the state or a subdivision thereof or of any officer or agency of the state or a subdivision thereof, pursuant to a program approved by the appellate division of the supreme court of the department within which such activities are taking place and specifying the extent to which they may engage in activities otherwise prohibited by this statute and those powers of the supervising governmental entity or officer in connection with which they may engage in such activities."
038,"§485. Violation of certain preceding sections a misdemeanor.
","Any person violating the provisions of §§478, 479, 480, 481, 482, 483 or 484, shall be guilty of a misdemeanor.

## 关键要点

1. **违规构成刑事犯罪** - 违反特定条款构成轻罪(misdemeanor)
2. **刑事责任** - 不仅是民事或行政处分，还可能刑事起诉
3. **明确的违法行为** - 法律列明哪些违规行为构成犯罪
4. **威慑作用** - 通过刑事责任威慑违规行为

## 对公证员的实践影响

**理解刑事责任的严重性**:

**轻罪(Misdemeanor)的后果**:
- 最高1年监禁
- 罚款
- 犯罪记录
- 永久取消公证员资格
- 影响未来就业、移民身份等

**哪些违规构成犯罪**（根据相关条款）:

**1. §485涉及的行为**:
- 违反公证法的特定条款
- 具体行为参见Executive Law §130-143
- 不是所有违规都是犯罪，但某些严重违规是

**2. 其他刑事条款**:
- §175.40 (Issuing a false certificate) - 签发虚假证书
- Perjury laws - 伪证相关
- §330 (Malfeasance) - 严重失职
- Fraud - 欺诈行为

**严重到构成犯罪的违规**:

**明知故犯的行为**:
- ✗ 明知签署人未出现仍公证（伪造公证）
- ✗ 故意签发虚假证书
- ✗ 与他人串通欺诈
- ✗ 伪造notary签名或印章

**vs. 技术性错误**（通常不构成犯罪）:
- 印章日期错误
- 忘记记录在日志中
- 证书格式小错误

**关键区别**：**意图(intent)**

**实践场景**:

**场景1 - 刑事犯罪**:
公证员赵先生应朋友要求，在朋友未出现的情况下，公证了朋友的房产契约。

**分析**:
- ✗ 明知违反""亲自出现""要求
- ✗ 故意签发虚假公证证书
- ✗ 构成§175.40 (False certificate)
- ✗ 可能还构成欺诈共犯
**后果**: 刑事起诉、监禁、罚款、永久取消资格

**场景2 - 非刑事违规**:
公证员李女士匆忙中忘记在公证日志中记录一次公证。

**分析**:
- ✓ 违反记录要求（行政违规）
- ✓ 但没有欺诈意图
- ✓ 没有造成实际损害
**后果**: 可能受到Secretary of State警告或罚款，但通常不是刑事

**如何避免刑事责任**:

**1. 永不故意违规**:
- 即使客户恳求、雇主施压
- 即使是""小事""、""帮忙""
- 一次就可能毁掉职业生涯

**2. 理解""明知故犯""的危险**:
- ""我不知道""可能是抗辩（如果是诚实错误）
- ""我知道但...""没有抗辩

**3. 受压时的应对**:
- 客户:""只是一次，帮帮忙""
- 你:""这不是帮忙，这是犯罪。我不会冒坐牢的风险""

**重要提醒**:
- 刑事责任不可轻视
- 轻罪记录终身影响
- 没有""小的""刑事违规
- 当诱惑来临，想想监狱
- 保持职业操守，远离刑事风险

**参见**:
- Lesson 049 (§175.40 False certificate) - 虚假证书罪
- Lesson 052 (Perjury) - 伪证罪
- Lesson 030 (§330 Malfeasance) - 失职责任
- Lesson 001 (Professional Conduct) - 职业操守"
039,§750. Power of courts to punish for criminal contempts.,"*** B. *** the supreme court has power under this section to punish for a criminal contempt any person who unlawfully practices or assumes to practice law; and a proceeding under this subdivision may be instituted on the court?s own motion or on the motion of any officer charged with the duty of investigating or prosecuting unlawful practice of law, or by any bar association incorporated under the laws of this State.



## 关键要点

1. **法庭藐视罪** - 法院有权处罚藐视法庭的行为
2. **刑事藐视** - Criminal contempt是可被监禁的罪行
3. **公证员可能涉及** - 公证员的某些行为可能构成藐视法庭
4. **即时处罚权** - 法院可以即时判决藐视罪，无需陪审团
5. **严重后果** - 罚款和监禁

## 对公证员的实践影响

**公证员如何可能构成藐视法庭**:

**情景1 - 虚假宣誓证词**:
法院要求公证员就某次公证作证。公证员提供虚假证词或伪造公证记录。

**后果**:
- 构成perjury（伪证）
- 可能被判criminal contempt
- 监禁和罚款
- 永久取消公证资格

**情景2 - 拒绝遵守法院命令**:
法院命令公证员提交公证日志或记录。公证员拒绝或销毁记录。

**后果**:
- 构成obstruction of justice（妨碍司法）
- Criminal contempt
- 可被即时监禁直至遵守命令

**情景3 - 干扰法院程序**:
公证员在法庭上公证文件时，违反法庭规则或干扰程序。

**后果**:
- Civil or criminal contempt
- 被驱逐出法庭
- 可能罚款

**理解Contempt of Court的权力**:

**法院的特殊权力**:
- 可以**即时判决**（summary judgment）
- 不需要陪审团审判
- 法官单独决定
- 立即执行（可当庭关押）

**为什么这么严厉**:
法院必须维护其权威和程序的完整性。藐视法庭破坏整个司法系统。

**实践建议**:

**1. 保持完整记录**:
- 你的公证日志可能被法院传唤
- 完整、准确的记录是你的保护
- 永远不要销毁或篡改记录

**2. 诚实作证**:
- 如被要求就公证行为作证，完全诚实
- ""我不记得""比虚假陈述好
- 如有疑问，查看公证日志

**3. 遵守法院命令**:
- 法院要求提供记录时，立即遵守
- 不要以""隐私""或""保密""为由拒绝（法院命令超越）
- 如有合法疑虑，请律师协助，但不要简单拒绝

**4. 法庭礼仪**:
- 如在法庭中公证，遵守所有法庭规则
- 尊重法官和法庭程序
- 不要与法官争辩

**场景 - 正确应对**:

法院传唤你就3年前的一次公证作证。你不太记得了。

**正确做法**:
1. 查找公证日志中的记录
2. 如实陈述：""根据我的日志，我在[日期]为[姓名]公证了[文件]""
3. 对不记得的细节：""我的日志记录了基本信息，但我不记得具体细节""
4. 绝不编造细节

**错误做法**:
❌ ""我记得很清楚...""（3年后不可能记得每个细节，法官会怀疑）
❌ ""我拒绝提供日志，这是保密的""（蔑视法庭）
❌ 篡改日志以""更清楚""（犯罪）

**重要提醒**:
- 法院的权力是绝对的在其管辖范围内
- Contempt of court可即时监禁
- 维护完整的公证记录是最好的保护
- 与法院合作，诚实作证
- 如有法律问题，咨询律师，但最终必须遵守法院命令

**参见**:
- Lesson 052 (Perjury) - 伪证罪
- Lesson 038 (§485 Misdemeanor) - 刑事责任
- Lesson 001 (Professional Conduct) - 记录保存的重要性"
040,"Illegal practice of law by notary public.
","To make it a business to practice as an attorney at law, not being a lawyer, is a crime. ?Counsel and advice, the drawing of agreements, the organization of corporations and preparing papers connected therewith, the drafting of legal documents of all kinds, including wills, are activities which have been long classed as law practice.? (People v. Alfani, 227 NY 334, 339.)



## 关键要点

1. **禁止从事法律业务** - 公证员不得从事法律业务（除非是律师）
2. **明确的禁止行为** - 法律列明哪些行为构成非法从事法律业务
3. **严重后果** - 监禁、罚款、吊销执照
4. **保护公众** - 防止不具资格的人提供法律服务
5. **律师例外** - 律师身份的公证员可以从事法律业务

## 对公证员的实践影响

**绝对禁止的行为**（详见Lesson 001）:

**1. 不得提供法律建议**:
❌ ""你应该用LLC还是Corporation""
❌ ""这个合同条款对你有利""
❌ ""你应该起诉""
❌ ""这个遗嘱是否有效""

✓ ""我不能提供法律建议。请咨询律师。""

**2. 不得起草法律文件**:
禁止起草的文件包括：
- ❌ 遗嘱(wills)
- ❌ 契约(deeds)
- ❌ 买卖合同(bills of sale)
- ❌ 抵押文件(mortgages)
- ❌ 租赁协议(leases)
- ❌ 授权书(powers of attorney)
- ❌ 诉讼文件(legal pleadings)
- ❌ 公司文件(incorporation papers)
- ❌ 任何""法律文件""

✓ 可以公证这些文件的签名
✗ 不能起草或修改内容

**3. 不得招揽法律业务**:
❌ 收集案件推荐给合作律师并收取费用
❌ 与律师分成法律业务收入
❌ 广告提供""法律服务""

**4. 不得虚假宣传**:
❌ 广告暗示有比notary更多的权力
❌ 使用误导性外语术语如""Notario""
❌ 称自己为""legal consultant""或类似

**为什么这些禁止如此重要**:

**保护公众**:
- 法律事务复杂，需要专业训练
- 不当建议可能导致重大损失
- 公众依赖专业人员的资格

**保护法律职业**:
- 律师经过法学院、bar exam
- 受律师协会监管
- 有专业责任保险
- Notary不具备这些资格

**实践场景**:

**场景1 - 边界情况**:
客户：""这份Power of Attorney表格，我应该在哪里签字？""

**分析**:
- ✓ 指示签字位置：可以（事实性指导）
- ✗ 解释POA的法律后果：不可以（法律建议）
- ✓ ""请律师解释这个文件的法律含义""

**场景2 - 诱惑情境**:
客户：""我只需要一个简单的遗嘱，你能帮我写吗？我付$100。""

**正确应对**:
""对不起，我不能起草遗嘱。那是律师的工作。我可以：
- ✓ 推荐你去找律师
- ✓ 在律师起草后，公证你的签名
- ✗ 但我不能起草内容，即使是'简单的'""

**场景3 - 移民文件陷阱**（常见！）:
客户（西班牙语）：""我需要帮助填写移民表格。""

**危险**:
- 许多移民以为""Notario""可以帮助移民事务
- 填写移民表格=法律建议和代理
- 这是**非法从事法律业务**

**正确应对**:
""我是notary public，不是'notario'（解释区别）。
我不能：
- ❌ 填写移民表格
- ❌ 提供移民法律建议
- ❌ 代理移民案件

我可以：
- ✓ 公证你的签名
- ✓ 推荐你找移民律师或BIA认证的代理人""

**后果的严重性**:

如果被发现非法从事法律业务：

**刑事后果**:
- 可能构成重罪或轻罪
- 监禁（最高数年）
- 罚款（数千美元）

**民事后果**:
- 客户可以起诉索赔损失
- 你的""法律服务""合同无效，但仍承担责任

**职业后果**:
- 立即吊销notary执照
- 永久禁止再任命

**声誉后果**:
- 犯罪记录
- 社区信任丧失

**律师例外**:

如果你同时是：
- Licensed attorney in New York
- AND notary public

那么你可以：
- ✓ 从事法律业务
- ✓ 起草法律文件
- ✓ 提供法律建议
- ✓ 并为自己起草的文件公证

但仍然：
- ❌ 不能为自己有利益的文件公证
- ❌ 必须遵守律师职业道德规范

**重要提醒**:
- 这是公证员最常见的严重违规之一
- 特别是在移民社区
- 客户可能不理解差别，但法律不原谅
- 当诱惑出现（金钱、帮助朋友），想想后果
- 划清界限，坚守底线

**如何应对客户的法律问题**:
1. 礼貌但坚定地拒绝
2. 解释你的局限
3. 推荐合格的律师
4. 提供你能做的服务（公证）
5. 不要因为客户失望而妥协

**参见**:
- Lesson 001 (Professional Conduct) - 禁止行为详细列表
- Lesson 016 (§135-b Advertising) - 虚假广告
- Lesson 032 (Special Note) - 外语术语误导
- Lesson 020 (§138 Powers) - 公证员权力的界限"
041,Wills.,"The execution of wills under the supervision of a notary public acting in effect as a lawyer, ?cannot be too strongly condemned, not only for the reason that it means an invasion of the legal profession, but for the fact that testators thereby run the risk of frustrating their own solemnly declared intentions and rendering worthless maturely considered plans for the disposition of estates whose creation may have been the fruit of lives of industry and self-denial.? (Matter of Flynn, 142 Misc. 7.)

## 关键要点
- 公证员可以公证遗嘱的签名
- 但acknowledgment不等同于遗嘱的attestation clause
- 遗嘱有特殊的见证要求
- 公证员应了解界限

## 注意事项
❌ 不要认为公证=遗嘱生效
✓ 遗嘱需要符合特定法律要求
✓ 建议客户咨询遗产律师
✓ 公证只是确认签名，不验证遗嘱有效性"
042,Public Officers Law,"Notary must not act before taking and filing oath of office.
The Public Officers Law (§15) provides that a person who executes any of the functions of a public office without having taken and duly filed the required oath of office, as prescribed by law, is guilty of a misdemeanor. A notary public is a public officer.

## 关键要点
- Public Officers Law适用于所有公职人员包括公证员
- 规定公职人员的权力、职责、限制
- 违反可能导致刑事或民事责任

## 对公证员的影响
- 受Public Officers Law约束
- 享有公职人员的法律保护（有限）
- 必须遵守公职人员的职业道德标准
- 参见Lesson 036详细讨论"
043,"§67. Fees of public officers.
","
1. Each public officer upon whom a duty is expressly imposed by law, must execute the same without fee or reward, except where a fee or other compensation therefor is expressly allowed by law.

2. An officer or other person, to whom a fee or other compensation is allowed by law, for any service, shall not charge or receive a greater fee or reward, for that service, than is so allowed.

3. An officer, or other person, shall not demand or receive any fee or compensation, allowed to him by law for any service, unless the service was actually rendered by him; except that an officer may demand in advance his fee, where he is, by law, expressly directed or permitted to require payment thereof, before rendering the service.

4. *** An officer or other person, who violates either of the provisions contained in this section, is liable, in addition to the punishment prescribed by law for the criminal offense, to an action in behalf of the person aggrieved, in which the plaintiff is entitled to treble damages.

A notary public subjects himself to criminal prosecution, civil suit and possible removal by asking or receiving more than the statutory allowance, for administering the ordinary oath in connect with an affidavit. (Op. Atty. Gen. (1917) 12 St. Dept. Rep. 507.)"
044,"§69. Fee for administering certain official oaths prohibited.
","An officer is not entitled to a fee, for administering the oath of office to a member of the legislature, to any military officer, to an inspector of election, clerk of the poll, or to any other public officer or public employee.

## 关键要点
- 管理某些官方宣誓禁止收费
- 特定情况下公证员不得收取费用
- 违反可能导致处罚

## 不得收费的情况
1. 某些官方宣誓（法律明确规定）
2. 政府官员履行职务时的宣誓
3. 其他法律规定的免费宣誓

## 注意事项
- 明确了解哪些宣誓不能收费
- 一般商业公证仍可按§136收费
- 疑问时查阅法律或咨询Secretary of State"
045,"Executive Law
","Misconduct by a notary and removal from office.
A notary public who, in the performance of the duties of such office shall practice any fraud or deceit, is guilty of a misdemeanor (Executive Law, §135-a), and may be removed from office. The notary may be removed from office if the notary made a misstatement of a material fact in his application for appointment; for preparing and taking an oath of an affiant to a statement that the notary knew to be false or fraudulent.

## 关键要点
- Executive Law包含公证员的主要法律规定
- §130-143是公证员的核心法律
- 规定任命、权力、职责、处罚

## 对公证员的影响
- Executive Law是公证员的""主要法律""
- 必须熟悉§130-143的全部内容
- 本课程的大部分内容来自Executive Law
- 违反可能导致免职、罚款、刑事责任"
046,"§70.00 Sentence of imprisonment for felony.
","2. Maximum term of sentence.
The maximum term of an indeterminate sentence shall be at least three years and the term shall be fixed as follows:
(d) For a class D felony, the term shall be fixed by the court, and shall not exceed 7 years; and
(e) For a class E felony, the term shall be fixed by the court, and shall not exceed 4 years.



## 关键要点
- 重罪(felony)的监禁刑罚规定
- 公证员的某些严重违规可能构成重罪
- 刑期根据重罪等级而定

## 可能导致重罪的公证违规
- 伪造公证签名或印章
- 大规模欺诈性公证
- 与重大犯罪同谋
- 其他严重刑事行为

## 刑罚严重性
- Class A felony: 最高终身监禁
- Class B-E felony: 数年至数十年监禁
- 永久犯罪记录
- 参见Lesson 038, 049关于公证员刑事责任"
047,"§70.15 Sentences of imprisonment for misdemeanors and violation.
","1. Class A misdemeanor. A sentence of imprisonment for a class A misdemeanor shall be a definite sentence. When such a sentence is imposed the term shall be fixed by the court, and shall not exceed one year; ***



## 关键要点
- 轻罪(misdemeanor)的监禁刑罚规定
- 许多公证违规构成轻罪
- 最高1年监禁

## 常见导致轻罪的违规
- §175.40签发虚假证书
- 某些违反§485的行为
- 非法从事法律业务（某些情况）
- 其他故意违规行为

## 刑罚
- 最高1年县监狱
- 罚款
- 缓刑
- 参见Lesson 038, 049"
048,"§170.10 Forgery in the second degree.
","A person is guilty of forgery in the second degree when, with intent to defraud, deceive or injure another, he falsely makes, completes or alters a written instrument which is or purports to be, or which is calculated to become or to represent if completed:

1. A deed, will, codicil, contract, assignment, commercial instrument, or other instrument which does or may evidence, create, transfer, terminate or otherwise affect a legal right, interest, obligation or status; or

2. A public record, or an instrument filed or required or authorized by law to be filed in or with a public office or public servant; or

3. A written instrument officially issued or created by a public office, public servant or governmental instrumentality.

Forgery in the second degree is a class D felony."
049,"§175.40 Issuing a false certificate.
","A person is guilty of issuing a false certificate when, being a public servant authorized by law to make or issue official certificates or other official written instruments, and with intent to defraud, deceive or injure another person, he issues such an instrument, or makes the same with intent that it be issued, knowing that it contains a false statement or false information.

Issuing a false certificate is a class E felony.



## 关键要点
- 签发虚假证书是刑事犯罪
- 明知是虚假仍签发=犯罪
- Class A misdemeanor，最高1年监禁

## 何为""虚假证书""
- 签署人未亲自出现
- 身份未正确核实
- 公证日期或地点虚假
- 证书内容不真实

## 如何避免
✓ 始终要求亲自出现
✓ 严格核实身份
✓ 准确填写所有信息
❌ 永不""帮忙""补签证书
❌ 永不倒填日期"
050,"§195.00 Official misconduct.
","A public servant is guilty of official misconduct when, with intent to obtain a benefit or to injure or deprive another person of a benefit:

1. He commits an act relating to his office but constituting an unauthorized exercise of his official functions, knowing that such act is unauthorized; or

2. He knowingly refrains from performing a duty which is imposed upon him by law or is clearly inherent in the nature of his office.

"
051,"Notary must officiate on request.

","The Penal Law (§195.00) provides that an officer before whom an oath or affidavit may be taken is bound to administer the same when requested, and a refusal to do so is a misdemeanor. (People v. Brooks, 1 Den. 457.)

## 关键要点
- 公证员有义务应请求提供公证服务
- 在合理范围内不得拒绝
- 但有正当理由可以拒绝

## 可以拒绝的情况
✓ 利益冲突
✓ 无法核实身份
✓ 怀疑欺诈
✓ 签署人无行为能力
✓ 非营业时间/地点

## 不能拒绝的情况
❌ 种族/性别/宗教歧视
❌ 仅因客户态度不佳
❌ 单纯不想做"
052,"Perjury.

","One is guilty of perjury if he has stated or given testimony on a material matter, under oath or by affirmation, as to the truth thereof, when he knew the statement or testimony to be false and willfully made.

## 关键要点
- 伪证罪(perjury)是严重犯罪
- 在宣誓后故意作虚假陈述
- 公证员管理宣誓，相关伪证案件可能涉及

## 公证员的责任
- 确保宣誓的人理解其严肃性
- 使用适当的宣誓语言
- 解释伪证的后果
- 但不判断陈述真实性

## 标准宣誓词
""Do you solemnly swear that the contents of this affidavit subscribed by you is correct and true?"""
053,"§182.1 Advertising

","(a) A notary public who is not an attorney licensed to practice law in the State of New York shall not falsely advertise that he or she is an attorney licensed to practice law in the State of New York or in any jurisdiction of the United States by using foreign terms including, but not limited to: abogado, mandatario, procuratore, """""""""""""", """", and avoca.

(b) A notary public who is not an attorney licensed to practice law in the State of New York and who advertises his or her services as a notary public in a language other than English shall include in the advertisement the following disclaimer:
""I am not an attorney licensed to practice law and may not give legal advice about immigration or any other legal matter or accept fees for legal advice.""
The disclaimer shall be printed clearly and conspicuously and shall be made in the same language as the advertisement. The translated disclaimer, in some but not all languages, is as follows:

Simplified Chinese
"""""""""""""""""","""""""""""","""""""""""""""""""""""""""""""""""""""""""",""""""""""""""""""""""""""

Traditional Chinese
"""""""""""""""""""","""""""""""""""","""""""""""""""""""""""""""""""""""""""""""""",""""""""""""""""""""

Spanish
""No estoy facultado para ejercer la profesión de abogado y no puedo brindar asesoría legal sobre inmigración o ningún otro asunto legal como tampoco puedo cobrar honorarios por la asesoría legal.""

Korean
"""" """" """""" "" """" """""" """" """""""" """""", """""""" """" """" """""" """""" """" """""" """""" """" """""""" """" "" """""""" """" """""""" """""" """" "" """""" """""""""""".

Haitian Creole
MWEN PA AVOKA KI GEN LISANS POU PRATIKE LWA E MWEN PA KA BAY KONSÈY LEGAL SOU ZAFÈ IMIGRASYON OSWA NENPÒT KI LÒT ZAFÈ LEGAL OSWA AKSEPTE LAJEN POU BAY KONSÈY LEGAL.

## 关键要点（§182.1 Advertising）
- 电子公证的广告规定
- 必须如实陈述服务范围
- 不得虚假或误导性广告
- 违反可能吊销电子公证资格

## 广告要求
✓ 清楚说明是电子公证
✓ 列明服务的州/地区
✓ 包含必要的免责声明
❌ 不得暗示不具备的权力
❌ 不得使用误导性外语术语"
054,"§182.2 Definitions
","(a) ""Notary Public"" or ""Notary"" means an individual who meets the qualifications set forth in section 130 of the Executive Law and has been appointed by the secretary of state pursuant to section 131 of the Executive Law to perform notarial acts in accordance with procedures outlined in article 6 of the Executive Law and this Part.

(b) ""Electronic notary public"" or ""electronic notary"" means a notary public or notary who has registered with the secretary of state the capability of performing electronic notarial acts in accordance with section 135-c of the Executive Law and this Part.

(c) ""Notarial act"" means any official act that a notary public is authorized to perform by law, including, but not limited to:

(1) administering oaths and affirmations;

(2) taking affidavits and depositions;

(3) receiving and certifying acknowledgments or proof of such written instruments as deeds, mortgages, powers of attorney and other instruments in writing;

(4) demanding acceptance or payment of foreign and inland bills of exchange, promissory notes and obligations in writing, and protesting the same for non-acceptance or non-payment, as the case may require;

(5) preparation of a certificate of authenticity in accordance with paragraph (d) of subdivision six of section 135-c of the Executive Law or

(6) an electronic notarial act.

(d) ""Electronic notarial act"" means an official act by a notary public, physically present in the state of New York, on or involving an electronic record and using communication technology authorized by this Part.

(e) ""Record"" means information that is inscribed on a tangible medium or stored in an electronic or other medium and is retrievable in perceivable form. The term ""record"" includes an electronic record.

(f) ""Electronic record"" means information that is created, generated, sent, communicated, received, or stored by electronic means.

(g) ""Identity verification"" means the use of an authentication process by which a notary public validates the identity of any principal and/or individual present for a notarial act.

(h) ""Credential analysis"" means a process or service operating according to the standards adopted in this Part, through which a third-party affirms the validity of government-issued identification through review of public and proprietary data sources.

(i) ""Credential service provider"" means a third party trusted entity that issues or registers subscriber authenticators and issues electronic credentials to subscribers.

(j) ""Identity proofing"" means a process by which a credential service provider collects, validates, and verifies information about a person.

(k) ""Personal appearance"" means presence at a transaction for which a notarial act is required, either physically or electronically, in a manner that meets all requirements imposed by this Part.

(l) ""Communication technology"" means an electronic device or process that:

(1) allows a notary public and a remotely located individual to communicate with each other simultaneously by sight and sound; and

(2) when necessary and consistent with other applicable law, facilitates communication with a remotely located individual who has a vision, hearing, or speech impairment.

(m) ""Electronic signature"" has the same meaning set forth in subdivision 3 of section 302 of the State Technology Law, except that any electronic signature affixed by an electronic notary in the performance of an electronic notarial act must also meet the additional requirements outlined in this Part.

(n) ""Public key infrastructure"" means the architecture, organization, techniques, practices, and procedures that collectively support the implementation and operation of a certificate-based asymmetric or public/private key cryptographic system.

(o) ""Public/private key or asymmetric cryptographic system"" means a system by which two mathematically linked keys are generated, one a publicly available validation key and the other a private key that cannot be deduced from the public key.

(p) ""Principal"" means an individual:

(1) whose signature is reflected on a record that is notarized;

(2) who has taken an oath or affirmation administered by a notary public;

(3) whose signature is reflected on a record that is notarized after the individual has taken an oath or affirmation administered by a notary public; or

(4) for purposes of this Part, any individual who intends to engage in any of these acts.

## 关键定义（§182.2）
本节定义电子公证的关键术语：
- Electronic notarization（电子公证）
- Electronic signature（电子签名）
- Electronic notarial certificate（电子公证证书）
- Remote electronic notarization（远程电子公证）
- Identity proofing（身份证明）
- Credential analysis（凭证分析）

## 重要性
- 理解这些定义对电子公证至关重要
- 定义决定了电子公证的范围和要求
- 参见Lesson 017 (§135-c Electronic notarization)"
055,"§182.3 Requirements for Notaries
","(a) All notaries public who wish to perform notarial acts in New York State, must:

(1) satisfy the requirements of sections 130 and 131 of the Executive Law;

(2) obtain satisfactory evidence of the identity of any principal or other individual appearing before the notary in a manner authorized by this Part;

(3) require the personal appearance of all parties to any transaction for which a notarial act is required for the duration of any such transaction, except acts performed as authorized and in conformity with this Part and section 135-c of Executive Law unless a law expressly excludes such authorization;

(4) administer any oath or affirmation as required by the law governing the transaction for which the notarial act is required and, regardless of the county of qualification, include and affix to each instrument requiring an oath or affirmation such notary public?s official number;

(5) disqualify themselves from performing notarial acts for transactions in which the notary is a party or directly and pecuniarily interested in the transaction;

(6) refuse to perform a notarial act when the requirements of this Part are not met, or if the notary is not satisfied that the official record or the presented record evidences the individual?s capacity to act as the representative on the record presented for notarization;

(7) maintain records as required by this Part; and

(8) within five days after a change of name, address, or e-mail address, transmit to the secretary of state a notice of the change, signed with the notary public's official signature.

(b) A notary may refuse to perform a notarial act if the notary public is not satisfied that:

(1) the principal is competent or has the capacity to execute a record; and/or

(2) the principal?s signature is knowingly and voluntarily made.

## 关键要求（§182.3）
电子公证员必须满足：
1. 是有效的纽约州notary public
2. 注册为电子公证员
3. 完成必要的培训
4. 使用符合要求的技术
5. 保持电子记录
6. 遵守所有安全要求

## 额外责任
- 保护电子签名和印章
- 维护电子日志
- 确保技术合规
- 定期更新系统"
056,"§182.4 Additional Requirements for Electronic Notaries
","(a) In addition to the requirements set forth in section 182.3 of this Part, all notaries public who wish to perform electronic notarial acts in New York State must:

(1) register the capability to notarize electronically with the secretary of state in compliance with this Part;
(2) use only those vendors or providers who comply with the standards outlined in this Part and any communication or reporting relating to those standards as required by the secretary of state;
(3) be physically located within the boundaries of New York when performing electronic notarial acts;
(4) use a network that permits location detection when performing an electronic notarial act, meaning that no action, process or device shall be used to disguise or hide the actual location from which the electronic notary is performing the electronic notarial act, and that no function on any system or device used by an electronic notary that permits location detection shall be disabled or otherwise interfered with during the performance of an electronic notarial act;
(5) affix a reliable electronic signature to electronic records. An electronic signature is reliable if it is:
(i) unique to the notary public;
(ii) attached or logically associated with an electronic record by use of a digital certificate that utilizes public key infrastructure as defined in this Part and is capable of independent verification;
(iii) retained under the notary's sole control; and
(iv) linked to the data in such a manner that any subsequent alterations to the underlying record are detectable and may invalidate the electronic notarial act;
(6) use their designated electronic signature only for the purpose of performing electronic notarial acts or as otherwise specified in this Part;
(7) ensure the remote online notarial certificate for an electronic notarial act clearly states that the person making the acknowledgement or making the oath appeared using communication technology;
(8) for execution of any instrument in writing, if under applicable law the record may be signed with an electronic signature, confirm that such instrument is the same instrument in which the principal made a statement or on which the principal executed a signature;
(9) if the principal is located outside of the United States, verify, through verbal confirmation made by the principal in the course of the recorded electronic notarial act, that the record or subject of the notarial act:
(i) is to be filed with or relates to a matter before a public official or court, governmental entity, or other entity subject to the jurisdiction of the United States; or
(ii) involves property located in the territorial jurisdiction of the United States or involves a transaction substantially connected with the United States;
(10) In complying with paragraph (8) of subdivision (a) of section 182.3 of this Part ensure that the notice of change is electronically transmitted to the secretary of state, signed with the notary public's designated electronic signature;
(11) for any update to the information required to be submitted by a notary public to register the capability to perform an electronic notarial act, make such update prior to performance of any electronic notarial act; and

(b) The notary public shall not disclose any access information used to affix the electronic notary?s signature and seal except when requested by the secretary of state or a designee, or judicial subpoena, and with reasonable precautions, electronic document preparation and transmission vendors. Control of security aspects such as but not limited to passwords, token devices, biometrics, PINS, phrases, software on protected hardware shall remain under the sole control of the notary public.

## 额外要求（§182.4）
电子公证的特殊要求：
1. 多因素身份验证
2. 实时音视频通信
3. 记录公证过程
4. 安全的证书附加
5. 防篡改技术

## 技术标准
- 符合州规定的技术规范
- 使用认证的平台/软件
- 确保通信安全加密
- 保存至少10年记录"
057,"§182.5 Satisfactory Evidence of Identity
","(a) For any individual signing a document who makes a personal appearance before a notary public, including but not limited to any principal seeking a notarial act, and any witness thereto, the notary must obtain satisfactory evidence of the identity of each such individual that complies with the requirements of this Part.

(b) For any individual signing a document who physically appears before a notary public, satisfactory evidence of identity requires identity verification through:
(1) presentation of the back and front of an identification card issued by a governmental agency provided the card:
(i) is valid and current;
(ii) contains the photographic image of the bearer;
(iii) has an accurate physical description of the bearer, if applicable; and
(iv) includes the signature of the bearer;
(2) at least two current documents issued by an institution, business entity, or federal or state government with at least the individual's signature;
(3) attestation by the notary that the individual is personally known to them;
(4) the oath or affirmation of a witness who is personally known to both the individual and notary; or
(5) the oath or affirmation of two witnesses who know the individual personally and provide identification that meets the requirements of paragraph (1) of subdivision (b) of this section.

(c) For any individual signing a document who appears before an electronic notary public using communication technology, and who is not personally known to the notary public, satisfactory evidence of identity requires all of the following:
(1) identity verification as outlined in subdivision (b) of this section, utilizing communication technology that meets the requirements set forth in this Part;
(2) credential analysis that meets the requirements set forth in this Part; and
(3) identity proofing by a third-party service provider that meets the requirements set forth in this Part.

(d) Provided that all other requirements of this Part are met, attestation by an electronic notary public that an individual appearing through communication technology is personally known to them is satisfactory evidence of identity for electronic notarial acts.

## 身份证明（§182.5 Satisfactory Evidence）
远程电子公证的身份核实必须包括：
1. Credential analysis（凭证分析）
2. Identity proofing（身份验证）
3. 实时音视频交互

## 标准要求
- 政府签发的带照片ID
- 知识型身份验证问题
- 实时人脸比对
- 记录整个验证过程"
058,"§182.6 Credential Analysis
","Credential analysis must conform to all standards set forth in this section.

(a) Credential analysis must be performed by a third-party service provider who has provided evidence to the online notary public of the provider?s ability to satisfy the requirements set forth in this rule.

(b) Credential analysis must utilize public or private data sources to confirm the validity of an identification credential and must, at a minimum:

(1) use automated software processes to aid the online notary public in verifying the identity of a remotely located individual;

(2) ensure that the identification credential passes an authenticity test, consistent with sound commercial practices that:

(i) uses technologies consistent with the requirements of this Part to confirm the integrity of visual, physical, or cryptographic security features;

(ii) uses technologies consistent with the requirements of this Part to confirm that the identification credential is not fraudulent or inappropriately modified;

(iii) uses information held or published by the issuing source or an authoritative source, as available, to confirm the validity of identification credential details; and

(iv) provides output of the authenticity test to the online notary public.

## 凭证分析（§182.6）
检验ID的技术要求：
1. 自动化凭证分析
2. 检测伪造特征
3. 验证ID合法性
4. 比对照片与实时视频

## 技术要求
- 使用认证的分析软件
- 记录分析结果
- 保存ID影像副本
- 可追溯审计路径"
059,"§182.7 Identity Proofing
","(a) Identity proofing must meet, at minimum, the Identity Assurance Level 2 standard as outlined in the Digital Identity Guidelines of the National Institute of Standards and Technology, as referenced in subdivision (b) of this section, or any industry accepted standard that is at least as secure, or more secure, than that standard.

(b) Incorporation by reference. The Identity Assurance Level 2 standard, as outlined in the Digital Identity Guidelines of the National Institute of Standards and Technology, United States Department of Commerce, document SP 800-63-3, Revision 3, dated June 2017 and includes updates as of 03-02-2020, is hereby incorporated by reference. This publication is available free of charge from:

https://doi.org/10.6028/NIST.SP.800-63-3

Copies of said publication may be obtained from the publisher at the following address:
National Institute of Standards and Technology
Attn: Applied Cybersecurity Division, Information Technology Laboratory
100 Bureau Drive (Mail Stop 2000) Gaithersburg, MD 20899-2000
Email: dig-comments@nist.gov

Copies of said publication are available for public inspection and copying at the Office of the New York State Department of State located at One Commerce Plaza, 99 Washington Avenue, Albany, NY 12231-0001.



## 身份证明（§182.7）
知识型认证(KBA)要求：
1. 非公开信息问题
2. 多个问题和答案
3. 基于信用历史/公共记录
4. 独立第三方提供

## KBA标准
- 至少5个问题
- 80%正确率通过
- 问题来源可靠
- 记录KBA结果"
060,"§182.8 Communication Technology
","(a) The communication technology used to perform electronic notarial acts must:

1. permit sufficient audio and visual clarity to enable the notary and the person(s) for whom a notarial act is requested to see and speak to each other simultaneously through live, real-time transmission throughout the duration of the notarial act, through and including identity verification, identity proofing, the signature of any parties present during the transaction and the application of the notary?s signature and seal without interruption;

2. permit sufficient visual clarity to enable the notary to view, read, and capture the front and back of any identification card presented as verification of identity;

3. include a signal transmission secure from interception through lawful means by anyone other than the parties to the notarial act;

4. include a process of reproduction that does not permit additions, deletions, or changes without leaving a record of such additions, deletions, or changes;

5. provide some manner of ensuring that the electronic record that is presented for electronic notarization is the same record electronically signed by the principal; and

6. permit recording and archiving of the audio-video communication session as required by subdivision (b) of this section.

(b) The electronic notary shall keep a copy of the recording of the video and audio conference that includes at minimum:

1. the complete notarial act, including the verification required by paragraph 9 of subdivision (a) of section 182.4 of this Part;

2. any signatures required for completion of the notarial act; and

3. a verbal description of the type of identification used.

The recording shall not include the discussion or display of any personally identifiable information, and must be maintained for a period of at least ten years from the date of transaction."
061,"§182.9 Recordkeeping and Reporting
","(a) In addition to any required video and audio conference recording, all notaries public must maintain records sufficient to document compliance with the requirements of sections 130 and 135-c of the Executive Law and the duties and responsibilities of a notary public and/or electronic notary public as outlined in this Part. Record storage may be made through a third party if safeguarded through a password or other secure means of authentication or access. Such records shall be made contemporaneously with the performance of the notarial act and must include:

1. the date, approximate time, and type of notarial acts performed;

2. the name and address of any individuals for whom a notarial act was performed;

3. the number and type of notarial services provided;

4. the type of credential used to identify the principal, including, for verification made in accordance with paragraphs (4) or (5) of subdivision (b) of section 182.5, the names of the witnesses and, if applicable, the type of credential used;

5. the verification procedures used for any personal appearance before the notary public; and

6. for electronic notarial acts, identification of the communication technology and, if not included as part of the communication technology used by the electronic notary, the certification authority and verification providers used.

(b) Any records maintained by a notary public pursuant to this Part must be retained by the notary public for at least ten years.

(c) Any records retained by a notary public pursuant to this Part must be capable of being produced to the secretary of state and others as necessary in relation to the performance of the notary public?s obligations pursuant to the Executive Law and this Part."
062,"§182.10 Applications, Registrations and Renewals
","(a) Prior to performing any notarial acts, a notary public must be appointed and commissioned by the secretary of state for a four-year term in accordance with the requirements and procedures set forth in Executive Law sections 130 and 131 and must provide all information required by the application form prescribed by the secretary of state.

(b) No commissioned notary public may perform electronic notarial acts until they have registered the capability to notarize electronically on a form prescribed the secretary of state, including, in addition to any other information prescribed by the secretary of state, the following information:

(1) the notary""s name as currently commissioned and complete mailing address;
(2) the expiration date of the notary""s commission and signature of the commissioned notary;
(3) the notary""s email address;
(4) the description of the electronic technology or technologies to be used in attaching the notary""s electronic signature to the electronic record, which may be effectuated by registration of vendor account information from a vendor who meets the requirements of this Part, in the manner required by the department of state;
(5) an exemplar of the notary""s electronic signature, which shall be provided through and in the manner required by the department of state""s registration system using the notary""s selected signature vendor and shall contain the notary""s name and any necessary instructions, authorizations, or techniques that allow the notary""s electronic signature to be read and verified.

(c) A notary public may apply for reappointment within 90 days of expiration of their commission, provided that the notary public continues to meet the requirements set forth in sections 130 and 131 of the Executive Law and this Part.

(d) When any notary public who has registered to perform electronic notarial acts applies for reappointment, the electronic notary public must provide verification of the accuracy of all information on file with the secretary of state and affirm that such notary public is otherwise in compliance with all requirements of this Part.

(e) Any notary public who has failed to comply with any of the requirements of this Part relating to notarial or electronic notarial acts shall not be eligible for reappointment.

(f) All applications for appointment and reappointment of notaries public, and all registrations of capability to perform electronic notarial acts, shall be in the form and manner prescribed by the secretary of state and provided through the department of state""s division of licensing.

## 申请和注册（§182.10）
电子公证员注册流程：
1. 现有notary public资格
2. 完成电子公证培训
3. 提交注册申请
4. 选择认证的技术平台
5. 缴纳注册费
6. 获得电子公证授权

## 续期要求
- 定期续期注册
- 继续教育要求
- 更新技术合规"
063,"§182.11 Fees
","(a) Applicants for a notary public commission must submit a non-refundable application fee of sixty dollars, which fee shall be used and distributed in accordance with section 131 of the Executive Law.
(b) Registrants for electronic notarial acts must submit a non-refundable registration fee of sixty dollars to the secretary of state with their registration.
(c) Notaries public who wish to renew their notary public commission must pay a non-refundable fee of sixty dollars, which fee shall be used and distributed in accordance with section 131 of the Executive Law.
(d) Notary Public applicants who must take a written exam must submit a fee of fifteen dollars for each examination taken, payable on the date of the examination.
(e) The fee for change requests and Duplicate License/Registration Requests shall be ten dollars, payable to the secretary of state at the time of submission of the request.
(f) A notary public shall be entitled to a fee for notarial acts as set forth in section 136 of the Executive Law.
(g) An electronic notary public shall be entitled to a fee of twenty-five dollars for each electronic notarial act performed, which shall be inclusive of all costs incurred by the notary public.
(h) All application, renewal, and registration fees required to be paid pursuant to this section shall be transmitted in a manner prescribed by the secretary of state.

## 费用（§182.11）
电子公证费用规定：
1. 基本公证费：仍为$2
2. 可能的技术费用
3. 远程服务附加费（如允许）

## 收费注意事项
- 基本公证费不变
- 技术平台费用需透明
- 不得超额收费
- 必须提供收费明细"
064,Acknowledgment,"A formal declaration before a duly authorized officer by a person who has executed an instrument that such execution is his act and deed.
Technically, an acknowledgment is the declaration of a person described in and who has executed a written instrument, that he executed the same.
As commonly used, the term means the certificate of an officer, duly empowered to take an acknowledgment or proof of the conveyance of real property, that
on a specified date before me came ....................., to me known to be the individual described in and who executed the foregoing instrument and acknowledged that he executed the same.
The purposes of the law respecting acknowledgments are not only to promote the security of land titles and to prevent frauds in conveyancing, but to furnish proof of the due execution of conveyances (Armstrong v. Combs, 15 App. Div. 246) so as to permit the document to be given in evidence, without further proof of its execution, and make it a recordable instrument."
065,The Real Property Law prescribes:,"§303. Requisites of acknowledgments.
An acknowledgment must not be taken by any officer unless he knows or has satisfactory evidence, that the person making it is the person described in and who executed such instrument.

The thing to be known is the identity of the person making the acknowledgment with the person described in the instrument and the person who executed the same.
This knowledge must be possessed by the notary (Gross v. Rowley, 147 App. Div. 529), and a notary must not take an acknowledgment unless the notary knows or has proof that the person making it is the person described in and who executed the instrument (People v. Kempner, 49 App. Div. 121).
It is not essential that the person who executed the instrument sign his name in the presence of the notary.

Taking acknowledgments over the telephone is illegal and a notary public is guilty of a misdemeanor in so acting.
In the certificate of acknowledgment, a notary public declares: On this ....... day of ............ 20 ......., before me came ............ to me known, etc.
Unless the person purporting to have made the acknowledgment actually and personally appeared before the notary on the day specified, the notarys certificate that he so came is palpably false and fraudulent. (Matter of Brooklyn Bar Assoc., 225 App. Div. 680.)"
066,Interest as a disqualification,"A notary public should not take an acknowledgment to a legal instrument to which the notary is a party in interest.
(Armstrong v. Combs, 15 App. Div. 246.)

**在公证实践中的应用**:
利益冲突（Interest as a disqualification）是公证员必须回避公证的常见情况。公证员在以下情况有""利益""而应拒绝：
- 公证员本人是文件的当事方
- 配偶、子女、父母等直系亲属是当事方
- 公证员在交易中有直接或间接财务利益
- 为本人的行为做公证（如自己签署的文件）

**实例**:
公证员D的女儿购买首套房产。女儿请求母亲（公证员D）为抵押贷款文件做公证以节省费用。这是明确禁止的。即使公证员D完全诚实，她在女儿的交易中有直接利益（感情和财务），这破坏了公证的客观性。正确做法是让女儿找另一位公证员，即使需要支付费用。如果公证员D仍然为女儿公证，该公证无效，可能导致交易延误、贷款拒绝，以及公证员被纪律处分或吊销执照。

**重要提示**:
""利益""的定义比表面上更广泛。即使公证员认为自己能保持公正，法律也禁止有利益关系的公证。这保护了公证行为的完整性和公众信任。当有疑问时，宁可回避。公证员应诚实告知当事人利益冲突，并推荐其他公证员。
"
067,"Fraudulent certificates of acknowledgment
","A notary public who knowingly makes a false certificate that a deed or other written instrument was acknowledged by a party thereto is guilty of forgery in the second degree, which is punishable by imprisonment for a term of not exceeding 7 years (Penal Law, §§170.10 and 70.00[2][d]).
The essence of the crime is false certification, intention to defraud. (People v. Abeel, 182 NY 415.)

While the absence of guilty knowledge or criminal intent would absolve the notary from criminal liability, the conveyance, of which the false certification is an essential part, is a forgery and, therefore, invalid. (Caccioppoli v. Lemmo, 152 App. Div. 650.)"
068,Damages recoverable from notary for false certificate,"Action for damages sustained where notary certified that mortgagor had appeared and acknowledged a mortgage.
(Kainz v. Goldsmith, 231 App. Div. 171.)

**在公证实践中的应用**:
公证员因虚假证明而需承担的损害赔偿是公证员职业责任的重要方面。公证员可能因以下行为面临赔偿：
- 在签署人未到场时公证（最常见）
- 未核实签署人身份
- 公证空白文件
- 在利益冲突情况下公证
- 虚假记录公证行为

**实例**:
公证员C为朋友的便利，在朋友未到场的情况下公证了一份房产契约。后来发现该契约是伪造的，用于欺诈性地从老年人手中夺取房产。受害人起诉公证员C索赔损失。法院裁定公证员C因虚假证明负有责任，判决其赔偿受害人房产价值$250,000加律师费。公证员的过失还可能导致刑事指控和吊销执照。

**重要提示**:
这就是为什么公证员必须购买Errors & Omissions (E&O)保险。纽约州虽然不强制要求，但强烈建议。即使是善意的错误，也可能导致巨额赔偿。公证员应始终严格遵守程序：亲自见到签署人，核实身份，确保自愿签署，保持准确记录。""方便""客户的诱惑可能带来财务和职业灾难。
"
069,Administrator,"A person appointed by the court to manage the estate of a deceased person who left no will. The administrator has similar duties to an executor but is court-appointed rather than named in a will. Notaries may be asked to notarize documents related to estate administration, such as petitions, inventories, or accountings filed with the court."
070,Affiant,"The person who makes and subscribes his signature to an affidavit. The affiant swears or affirms before a notary public that the statements in the affidavit are true. The notary's duty is to verify the affiant's identity, administer the oath, and certify that the affiant appeared and swore to the document's contents."
071,Affidavit,"An affidavit is a signed statement, duly sworn to, by the maker thereof, before a notary public or other officer authorized to administer oaths. The venue, or county wherein the affidavit was sworn to should be accurately stated. But it is of far more importance that the affiant, the person making the affidavit, should have personally appeared before the notary and have made oath to the statements contained in the affidavit as required by law.
Under the Penal Law (§210.00) the wilful making of a false affidavit is perjury, but to sustain an indictment therefor, there must have been, in some form, in the presence of an officer authorized to administer an oath, an unequivocal and present act by which the affiant consciously took upon himself the obligation of an oath; his silent delivery of a signed affidavit to the notary for his certificate, is not enough. (People v. OReilly, 86 NY 154; People ex rel. Greene v. Swasey, 122 Misc. 388; People v. Levitas (1963) 40 Misc. 2d 331.)
A notary public will be removed from office for preparing and taking the oath of an affiant to a statement that the notary knew to be false. (Matter of Senft, August 8, 1929; Matter of Trotta, February 20, 1930; Matter of Kibbe, December 24, 1931.)

The distinction between the taking of an acknowledgment and an affidavit must be clearly understood.
In the case of an acknowledgment, the notary public certifies as to the identity and execution of a document; the affidavit involves the administration of an oath to the affiant.
There are certain acknowledgment forms which are a combination of an acknowledgment and affidavit.
It is incumbent on the notary public to scrutinize each document presented to him and to ascertain the exact nature of the notarys duty with relation thereto.
An affidavit differs from a deposition in that an affidavit is an ex parte statement.
(See definition of Deposition.)"
072,Affirmation,"A solemn declaration made by persons who conscientiously decline taking an oath; it is equivalent to an oath and is just as binding; if a person has religious or conscientious scruples against taking an oath, the notary public should have the person affirm.
The following is a form of affirmation: Do you solemnly, sincerely, and truly, declare and affirm that the statements made by you are true and correct."
073,Apostile,"Department of State authentication attached to a notarized and county-certified document for possible international use.

**在公证实践中的应用**:
Apostille（海牙认证）是一种国际认证形式，用于证明文件在国外的合法性。虽然apostille由州务卿办公室签发（纽约州），公证员在此过程中扮演重要角色：
- 首先由公证员公证文件
- 然后提交给县书记官认证公证员签名
- 最后提交给州务卿获得apostille

**实例**:
纽约居民计划移民到西班牙，需要其出生证明在西班牙被认可。流程如下：
1. 出生证明副本由公证员认证
2. 提交给纽约县书记官办公室，认证公证员的签名和印章
3. 提交给纽约州务卿办公室，签发apostille
西班牙作为《海牙公约》签约国，将接受带有apostille的文件，无需进一步认证。

**重要提示**:
公证员不能签发apostille（只有州务卿可以），但公证是获得apostille的第一步。公证员应熟悉此流程，以便为客户提供正确指导。常见用途包括：国际收养、海外就业、移民、国际商业交易等。
"
074,Attest,"To witness the execution of a written instrument, at the request of the person who makes it, and subscribe the same as a witness.

**在公证实践中的应用**:
Attest（作证、证明）是指见证某个行为或签名的真实性。在公证实践中：
- 公证员""attests""（证明）签署人在其面前签署
- 见证人""attest""遗嘱的签署
- 公司秘书""attests""公司决议的真实性

**实例**:
遗嘱的执行通常需要两名见证人attest（作证）。见证人在遗嘱人签署遗嘱时在场，然后在遗嘱上签字，证明：(1)遗嘱人在他们面前签署，(2)遗嘱人当时神志清醒，(3)遗嘱人是自愿签署。重要的是，公证员通常不应为遗嘱做""公证""（acknowledgment），因为遗嘱需要的是见证人的attestation，而非公证。

**重要提示**:
Attest和Acknowledge（公证确认）是不同的法律行为。Attest侧重于""我看到此人签署""，Acknowledge侧重于""此人向我确认这是其签名""。公证员必须理解这一区别，避免在应该attestation的文件上做acknowledgment，反之亦然。
"
075,"Attestation Clause
","That clause (e.g., at the end of a will) wherein the witnesses certify that the instrument has been executed before them, and the manner of the execution of the same.



**在公证实践中的应用**:
Attestation Clause（证明条款）是文件中要求见证人或公证员签字的特定语言。常见于：
- 遗嘱（""Signed, sealed and delivered in the presence of...""）
- 公司决议（""Attested by the Secretary of the Corporation""）
- 某些房地产文件
- 法院命令的副本

**实例**:
公司章程修正案需要董事会批准。会议记录包含attestation clause：""I hereby attest that the foregoing is a true and correct copy of the resolution adopted by the Board of Directors on [date]""（我在此证明，前述内容是董事会于[日期]通过的决议的真实准确副本）。公司秘书在此条款下签字。如果需要，此签字可能由公证员公证，但attestation本身是秘书的行为，而非公证员的行为。

**重要提示**:
公证员必须区分：(1)Attestation - 见证行为的真实性，(2)Acknowledgment - 确认签署人的身份和签署意愿，(3)Jurat - 管理宣誓并见证签署。不同类型的证明条款需要不同的公证行为。公证员应仔细阅读文件中的具体语言，确定需要何种公证服务。错误的公证类型可能导致文件被拒绝或无效。
"
076,"Authentication (Notarial)
","A certificate subjoined by a county clerk to any certificate of proof or acknowledgment or oath signed by a notary; this county clerks certificate authenticates or verifies the authority of the notary public to act as such.
(See §133, Executive Law.)

**在公证实践中的应用**:
Authentication（Notarial）（公证认证）是一个多层认证过程，用于使文件在外州或外国被接受。流程通常包括：
1. 公证员公证文件
2. 县书记官认证公证员的签名和印章
3. 州务卿认证县书记官的签名
4. （对于外国使用）可能需要领事认证或apostille

**实例**:
纽约居民P需要在德克萨斯州使用一份授权书。P在纽约公证员处公证授权书。为了在德克萨斯州被接受，需要authentication：(1)公证员公证P的签名，(2)纽约县书记官签发证书，认证公证员Q的签名和印章是真实的（证书基于县书记官办公室的公证员记录），(3)如果需要，纽约州务卿进一步认证县书记官的签名。这个authentication chain证明文件的公证是合法有效的。

**重要提示**:
Authentication是建立信任链的过程。每一层认证都证明上一层的真实性。公证员是链条的第一环，必须确保其公证准确无误。县书记官和州务卿不验证文件内容或签署人身份（这是公证员的工作），他们只验证公证员的资格和签名。如果原始公证有缺陷，整个authentication链都会失效。
"
077,Bill of Sale,"A written instrument given to pass title of personal property from vendor to vendee. Unlike a deed for real property, a bill of sale transfers ownership of movable items such as vehicles, equipment, or goods. Notaries may be asked to acknowledge bills of sale, though notarization is not always required unless specified by law or the parties."
078,"Certified Copy
","A copy of a public record signed and certified as a true copy by the public official having custody of the original. A notary public has no authority to issue certified copies. Notaries must not certify to the authenticity of legal documents and other papers required to be filed with foreign consular officers. Within this prohibition are certificates of the following type:United States of America     )
State of New York            ) ss.:
County of New York           )
I ................, a notary public of the State of New York, in and for the county of .........., duly commissioned, qualified and sworn according to the laws of the State of New York, do hereby certify and declare that I verily believe the annexed instrument executed by ........ and sworn to before .........., a notary public of the State of .........., to be genuine in every respect, and that full faith and credit are and ought to be given thereto.

In testimony whereof I have hereunto set my hand and seal at the City of ............, this ................ day of ...................., 20 .........

(Seal)                                                                           (Notarial Signature.)"
079,Chattel,"Personal property, such as household goods or fixtures. Chattel refers to any movable property as opposed to real property (land and buildings). This distinction is important in notarial practice when dealing with mortgages, liens, or security interests. A chattel mortgage creates a lien on personal property rather than real estate."
080,Chattel Paper,"A writing or writings which evidence both an obligation to pay money and a security interest in a lease or specific goods. The agreement which creates or provides for the security interest is known as a security agreement.



**在公证实践中的应用**:
Chattel Paper（动产担保文件）是涉及动产（非房地产）的担保协议，常见于：
- 汽车贷款和租赁
- 设备融资
- 船只、飞机贷款
- 商业设备租赁

**实例**:
公司M购买价值$80,000的建筑设备，通过融资公司N贷款。融资协议（chattel paper）赋予N对设备的担保权益。如果M违约，N可以收回设备。公证员公证M代表的签名。与房地产抵押不同，chattel paper通常在州务卿办公室或DMV（车辆）登记UCC financing statement，而非县书记官办公室。

**重要提示**:
Chattel paper与real property mortgage的主要区别在于担保物：chattel paper担保动产，mortgage担保不动产。公证员应了解这一区别，因为登记要求和优先权规则不同。动产具有流动性，可能跨州转移，这使chattel paper的执行复杂化。公证员不需要成为UCC专家，但应认识到chattel paper的独特性质。
"
081,Codicil,"An instrument made subsequent to a will and modifying it in some respects. A codicil amends, adds to, or partially revokes provisions in an existing will without replacing the entire document. Like a will, a codicil must be properly executed with witnesses. Notaries should not take acknowledgments on wills or codicils, as they require attestation by witnesses, not notarization."
082,Consideration,"Anything of value given to induce entering into a contract; it may be money, personal services, or even love and affection.

**在公证实践中的应用**:
对价(Consideration)是合同法中的核心概念，指一方为换取另一方承诺而给予的有价值的东西。公证员在公证各类合同时会遇到：
- 买卖合同(sales contracts)
- 租赁协议(lease agreements)  
- 雇佣合同(employment contracts)
- 和解协议(settlement agreements)

**实例**:
在房地产买卖中，买方的对价是支付的购买价格（如$400,000），卖方的对价是转让房产所有权。公证员公证契约(deed)时，契约上通常会注明对价（""for Ten Dollars and other valuable consideration""）。实际支付的金额可能远高于象征性的""Ten Dollars""，但出于隐私和税务原因，通常使用名义金额。

**重要提示**:
公证员不需要验证对价的充分性或公平性。只要双方同意，即使对价看似不平等，合同仍可能有效（除非涉及欺诈或胁迫）。公证员的职责是确认签署人身份和自愿签署，不涉及合同条款的公平性判断。
"
083,Contempt of Court,"Behavior disrespectful of the authority of a court which disrupts the execution of court orders. Contempt can be civil or criminal. A notary who fails to obey a court order, such as refusing to produce records when subpoenaed, could be held in contempt. It is important for notaries to understand their obligations when served with legal process."
084,Contract,"An agreement between competent parties to do or not to do certain things for a legal consideration, whereby each party acquires a right to what the other possesses.

**在公证实践中的应用**:
Contract（合同）是公证员最常处理的文件类型之一。几乎所有公证文件都涉及某种合同关系：
- 雇佣合同
- 买卖合同
- 租赁协议
- 贷款协议
- 服务合同

**实例**:
小企业主F与供应商签订长期供货合同，价值$100,000。供应商要求合同经过公证以增加其可执行性。公证员的角色是：(1)确认小企业主F的身份，(2)确认F已阅读并理解合同（公证员不需要解释合同，但应确保F声称已理解），(3)确认F自愿签署，(4)完成公证程序。重要的是，公证员不评估合同条款的公平性或合法性，这需要律师的专业意见。

**重要提示**:
公证员经常被问：""这份合同公平吗？""或""我应该签这个吗？""公证员必须避免提供法律建议。正确回答是：""我不能提供法律建议。我的角色仅是核实您的身份和您自愿签署。如果您对合同条款有疑问，建议您咨询律师。""即使公证员本人是律师，如果作为公证员身份行事，也不应提供法律意见。
"
085,"Conveyance (Deed)
","Every instrument, in writing, except a will, by which any estate or interest in real property is created, transferred, assigned or surrendered.

**在公证实践中的应用**:
Conveyance（产权转让契约）是房地产交易中最常见的公证文件之一。公证员处理的conveyances包括：
- Warranty Deed（保证契约）- 卖方保证产权清晰
- Quitclaim Deed（放弃契约）- 仅转让卖方拥有的权益
- Gift Deed（赠与契约）- 无偿转让财产
- Deed in Lieu of Foreclosure（代替止赎契约）

**实例**:
房主A决定将其房产出售给买家B。在closing（成交）时，律师准备warranty deed。公证员的角色：(1)核实房主A的身份（驾照、护照等），(2)确认A理解其正在转让房产所有权，(3)确认A自愿签署，无胁迫，(4)A在公证员面前签署契约，(5)公证员完成acknowledgment证书，签字盖章。契约随后被记录在县书记官办公室，成为公共记录。

**重要提示**:
Conveyance是重大法律行为，可能涉及数十万甚至数百万美元的财产。公证员必须格外谨慎：确保签署人在场（不能电话公证），充分理解文件性质，没有受到不当影响。如果公证员怀疑胁迫、欺诈或签署人缺乏行为能力，应拒绝公证并建议当事人寻求法律顾问。
"
086,County Clerks Certificate,"A certificate subjoined by a county clerk to any certificate of proof or acknowledgment or oath signed by a notary; this county clerks certificate authenticates or verifies the authority of the notary public to act as such.
(See §133, Executive Law.)

**在公证实践中的应用**:
County Clerk's Certificate（县书记官证书）是county clerk签发的官方证书，用于：
- 认证公证员的签名和印章
- 认证公共记录的副本
- 认证法院文件的副本
- 作为authentication chain的一部分

**实例**:
纽约公证员R为客户公证一份委托书，客户将在加州使用。加州机构要求证明公证员R的资格。客户将公证后的文件提交给纽约县书记官办公室，请求县书记官证书。县书记官查阅其记录，确认公证员R确实在该县注册，其签名和印章与存档样本一致。县书记官签发证书，附在公证文件上。这使加州机构能够信任该公证的真实性。

**重要提示**:
县书记官证书不验证签署人的身份或文件内容（这是公证员的工作），只验证公证员的资格和公证行为的真实性。这就是为什么公证员必须在县书记官办公室存档其签名和印章样本。如果公证员的记录不是最新的（如地址变更、印章更换未通知），可能导致证书被拒绝。公证员应确保其county clerk records始终准确。
"
087,Deponent,"One who makes oath to a written statement. Technically, a person subscribing a deposition but used interchangeably with Affiant.

**在公证实践中的应用**:
Deponent（宣誓人）是指在宣誓书(affidavit)或口头证词(deposition)中作出宣誓陈述的人。公证员与deponents的互动包括：
- 为affidavits管理宣誓
- 确认deponent理解宣誓的严肃性
- 验证deponent的身份
- 见证deponent的签名

**实例**:
在民事诉讼中，律师需要一份宣誓书来支持动议。证人（deponent）起草一份声明，描述其所见所闻。证人前往公证员处。公证员：
1. 核实证人的身份（查看驾照）
2. 询问：""您是否庄严宣誓，此宣誓书中的陈述是真实正确的？""
3. 证人回答""是""
4. 证人在公证员面前签署宣誓书
5. 公证员完成jurat（誓言证书），签字并盖章

**重要提示**:
公证员必须亲自管理宣誓，不能通过电话或电子邮件进行（除非使用符合法律要求的远程公证技术）。Deponent必须在公证员面前口头宣誓，简单点头或默认不足够。宣誓书中的虚假陈述可能构成伪证罪，公证员应确保deponent理解其法律责任。
"
088,Deposition,"The testimony of a witness taken out of court or other hearing proceeding, under oath or by affirmation, before a notary public or other person, officer or commissioner before whom such testimony is authorized by law to be taken, which is intended to be used at the trial or hearing.



**在公证实践中的应用**:
Deposition（口头证词）是在法庭外进行的宣誓证词，通常在诉讼discovery（证据开示）阶段。公证员或法院书记员的角色包括：
- 管理宣誓
- 记录证词（如果是court reporter）
- 见证签名
- 签发证书

**实例**:
在人身伤害案件中，原告的律师要求depose（询问）被告的医学专家。Deposition在律师办公室进行。公证员S（或court reporter）：(1)要求专家宣誓说实话，(2)专家回答律师的问题（可能数小时），(3)证词被录音和/或记录，(4)制作书面transcript（记录），(5)专家签署transcript确认准确性，(6)公证员S完成证书，确认证词在宣誓下作出。这个deposition可以在审判中使用，如同法庭证词。

**重要提示**:
Deposition证词具有与法庭证词同等的法律效力，作伪证可能面临刑事指控。公证员必须确保：(1)宣誓清晰明确，(2)证人理解宣誓的严肃性，(3)准确记录（如果担任reporter），(4)妥善保存记录。许多专业court reporters也是公证员，这使他们能够执行deposition的所有功能。普通公证员如果被要求主持deposition，应确保自己理解程序要求，必要时拒绝超出其能力的请求。
"
089,Duress,"Unlawful constraint exercised upon a person whereby he is forced to do some act against his will. In notarial practice, a notary must refuse to perform a notarial act if there are signs that a person is acting under duress. The notary should ensure that all parties are acting voluntarily and with full understanding of the documents they are signing."
090,Escrow,"The placing of an instrument in the hands of a person as a depository who on the happening of a designated event, is to deliver the instrument to a third person. This agreement, once established, should be unalterable.



**在公证实践中的应用**:
Escrow（托管）安排在房地产交易和商业交易中很常见。公证员可能公证涉及escrow的文件：
- Escrow agreements（托管协议）
- Escrow instructions（托管指示）
- Release of escrow（托管释放）
- Escrow amendments（托管修正）

**实例**:
买家I和卖家J使用escrow agent（托管代理，通常是title company或律师）进行房产交易。买家I将$50,000定金存入escrow账户。托管协议规定：如果交易成功完成，定金转给卖家；如果交易失败（如房屋检查发现重大问题），定金退还买家。双方签署托管协议，公证员公证双方签名。这确保托管条款明确、具有约束力，保护双方利益。

**重要提示**:
Escrow安排涉及资金或财产由第三方持有，直到满足特定条件。公证员应确保签署人理解：(1)什么将被托管，(2)谁是托管代理，(3)释放托管的条件，(4)如果条件未满足会发生什么。虽然公证员不解释具体条款，但应确认签署人声称已理解这些关键要素。
"
091,Executor,"One named in a will to carry out the provisions of the will. The executor has a fiduciary duty to manage the deceased's estate, pay debts, and distribute assets to beneficiaries according to the will's terms. Notaries may notarize various estate documents signed by executors, such as deeds transferring property or affidavits in probate proceedings."
092,"Ex Parte (From One Side Only)
","A hearing or examination in the presence of, or on papers filed by, one party and in the absence of the other.

**在公证实践中的应用**:
Ex Parte是指法律程序中只有一方当事人参与，无需另一方在场或通知。公证员可能遇到：
- Ex Parte申请或动议
- 紧急保护令(emergency protective orders)
- 临时限制令(temporary restraining orders)
- 单方面宣誓书(ex parte affidavits)

**实例**:
在家庭暴力案件中，受害者可能通过ex parte程序申请紧急保护令。法官在只听取受害者陈述的情况下做出裁决，无需通知施暴者（以保护受害者安全）。公证员可能需要为受害者的宣誓书做公证，但公证员不应询问案件细节或提供法律建议。

**重要提示**:
当公证员处理标有""Ex Parte""的文件时，应理解这是正常的法律程序，并非表示文件有问题。公证员的职责仍然是核实签署人身份和自愿签署，不涉及案件的是非曲直。
"
093,Felony,A crime punishable by death or imprisonment in a state prison. Felonies are more serious than misdemeanors. Examples relevant to notaries include forgery in the second degree (a class D felony) and issuing a false certificate (a class E felony). A notary convicted of a felony may be ineligible for appointment or subject to removal from office.
094,Guardian,"A person in charge of a minor's person or property. A guardian is appointed by a court to care for someone who cannot care for themselves, typically a child or incapacitated adult. Notaries may encounter guardianship documents, such as petitions for guardianship, accountings, or deeds signed by guardians on behalf of their wards."
095,Judgment,"Decree of a court declaring that one individual is indebted to another and fixing the amount of such indebtedness.



**在公证实践中的应用**:
判决(Judgment)是法院对案件的正式裁决。公证员可能需要公证涉及判决的各类文件：
- 判决副本的认证(certified copies)
- 判决满足书(satisfaction of judgment)
- 判决执行文件(execution documents)
- 判决留置权(judgment liens)

**实例**:
原告在诉讼中获胜，法院判决被告支付$50,000。被告最终支付了判决金额。原告的律师准备""满足判决""文件，声明判决已全额支付。公证员为律师的签名做公证。此文件将提交给法院记录在案，解除对被告财产的留置权。

**重要提示**:
公证员可能遇到各种判决相关文件，从小额法庭判决到重大商业诉讼裁决。公证员的角色是核实签署人身份，而非评估判决的合法性或公平性。对于判决满足书，公证员应确认签署人（通常是债权人或其代理人）自愿签署。
"
096,Jurat,"A jurat is that part of an affidavit where the officer (notary public) certifies that it was sworn to before him. It is not the affidavit.

The following is the form of jurat generally employed:

Sworn to before me this ........ day of ........, 20 ......

Those words placed directly after the signature in the affidavit stating that the facts therein contained were sworn to or affirmed before the officer (notary public) together with his official signature and such other data as required by § 137 of the Executive Law."
097,Laches,"The delay or negligence in asserting one's legal rights. Laches is an equitable doctrine that can bar a claim if the delay in asserting it has prejudiced the opposing party. While primarily a legal concept, notaries should be aware that untimely action in their duties could potentially affect their clients' rights or their own liability."
098,Lease,"A contract whereby, for a consideration, usually termed rent, one who is entitled to the possession of real property transfers such right to another for life, for a term of years or at will.



**在公证实践中的应用**:
租约（Lease）是公证员常见的文件，特别是长期租约或商业租约。需要公证的租约包括：
- 商业地产租约（通常要求公证）
- 超过一年的住宅租约（某些州要求）
- 转租协议（sublease agreements）
- 租约修正案（lease amendments）

**实例**:
餐厅老板H签订5年商业租约，租用零售空间。房东要求租约经过公证。公证员确认：(1) H的身份（驾照），(2) H已阅读租约并理解条款（月租、期限、责任等），(3) H自愿签署，无胁迫。公证后，租约在县书记官办公室记录，成为公共记录，对房产的后续所有者具有约束力。这保护了租户H的权益，即使房产被出售。

**重要提示**:
长期或商业租约往往涉及复杂条款：租金增长、维修责任、提前终止权等。公证员不应尝试解释这些条款。如果签署人询问：""这个条款是什么意思？""，公证员应回答：""我不能提供法律建议。我建议您在签署前咨询律师。""公证员的职责是确认签署人身份和自愿签署，而非作为法律顾问。
"
099,Lien,"A legal right or claim upon a specific property which attaches to the property until a debt is satisfied.

**在公证实践中的应用**:
公证员在以下情况会遇到留置权(Lien):
- 公证带有现有留置权的房产契约
- 处理创建留置权的抵押文件  
- 认证承包商提交的机械留置权(mechanic's lien)
- 核实留置权解除文件(lien release)

**实例**:
房主为房屋再融资。旧抵押贷款在房产上创建了留置权。公证员必须确保在记录新抵押留置权之前，有适当的文件来解除旧留置权。留置权的顺序和优先级对产权清晰至关重要。银行通常要求第一留置权位置，这意味着在破产或止赎时，他们优先获得偿付。

**重要提示**:
公证员虽然不决定留置权的有效性，但必须准确记录和认证涉及留置权的文件。不当处理可能导致产权纠纷。公证员应验证签署人的身份和签署意愿，但不应就留置权的法律效力提供建议。
"
100,Litigation,"The act of carrying on a lawsuit. Litigation refers to the process of taking legal action through the courts. Notaries play a supporting role in litigation by notarizing affidavits, verifications, and other court documents. Understanding the litigation process helps notaries appreciate the importance of their careful and accurate work."
101,Misdemeanor,"Any crime other than a felony. Misdemeanors are less serious offenses, typically punishable by fines or imprisonment of less than one year. For notaries, relevant misdemeanors include acting without proper appointment (Executive Law §135-a), violating advertising rules, or practicing law without a license. Such violations can result in removal from office."
102,Mortgage On Real Property,"An instrument in writing, duly executed and delivered that creates a lien upon real estate as security for the payment of a specified debt, which is usually in the form of a bond.

**在公证实践中的应用**:
房地产抵押贷款（Mortgage on Real Property）是公证员最常见的工作之一。抵押贷款文件包括：
- Mortgage deed（抵押契约）
- Note（本票）
- Mortgage satisfaction（抵押清偿）
- Subordination agreement（从属协议）

**实例**:
首次购房者G获批$300,000抵押贷款。在closing时，G需要签署多份文件，包括抵押契约。公证员的职责：(1)核实G的身份，(2)确认G理解抵押贷款意味着银行在房产上有留置权，(3)确认G理解如果不按时还款，银行可以止赎房产，(4)确认G自愿签署，(5)完成acknowledgment。这个公证至关重要，因为抵押契约必须经过公证才能在县书记官办公室记录，未记录的抵押贷款无法对抗后续的购买者或债权人。

**重要提示**:
抵押贷款公证通常涉及大额资金和长期承诺（15-30年）。公证员应确保签署人理解文件的性质和后果。如果签署人表现出困惑、被迫或不情愿，公证员应暂停并建议签署人寻求法律顾问。虽然公证员不能提供法律建议，但可以询问：""您是否完全理解这份文件？""、""您是自愿签署的吗？""如果答案不令人满意，应拒绝公证。
"
103,"Notary Public
","A public officer who executes acknowledgments of deeds or writings in order to render them available as evidence of the facts therein contained; administers oaths and affirmation as to the truth of statements contained in papers or documents requiring the administration of an oath.
The notarys general authority is defined in §135 of the Executive Law; the notary has certain other powers which can be found in the various provisions of law set forth earlier in this publication.

"
104,Oath,"A verbal pledge given by the person taking it that his statements are made under an immediate sense of this responsibility to God, who will punish the affiant if the statements are false.

Notaries public must administer oaths and affirmations in manner and form as prescribed by the Civil Practice Law and Rules, namely:

§2309(b) Form.
An oath or affirmation shall be administered in a form calculated to awaken the conscience and impress the mind of the person taking it in accordance with his religious or ethical beliefs.

An oath must be administered as required by law. The person taking the oath must personally appear before the notary; an oath cannot be administered over the telephone (Matter of Napolis, 169 App. Div. 469), and the oath must be administered in the form required by the statute (Bookman v. City of New York, 200 NY 53, 56).

When an oath is administered the person taking the oath must express assent to the oath repeated by the notary by the words I do or some other words of like meaning.

For an oath or affirmation to be valid, whatever form is adopted, it is necessary that:

first, the person swearing or affirming must personally be in the presence of the notary public;

secondly, that the person unequivocally swears or affirms that what he states is true;

thirdly, that he swears or affirms as of that time; and,

lastly, that the person conscientiously takes upon himself the obligation of an oath.

A notary public does not fulfill his duty by merely asking a person whether the signature on a purported affidavit is his. An oath must be administered.

A corporation or a partnership cannot take an oath; an oath must be taken by an individual.

A notary public cannot administer an oath to himself.

The privileges and rights of a notary public are personal and cannot be delegated to anyone."
105,Plaintiff,"A person who starts a suit or brings an action against another. The plaintiff is the party who initiates a lawsuit seeking legal remedy. In notarial practice, notaries may be asked to notarize complaints, verifications, or affidavits filed by plaintiffs. Understanding court terminology helps notaries properly perform their role in legal proceedings."
106,Power of Attorney,"A written statement by an individual giving another person the power to act for him. A power of attorney authorizes an agent (attorney-in-fact) to act on behalf of the principal in legal or financial matters. Notaries frequently notarize powers of attorney, and must ensure the principal appears personally, understands the document, and signs voluntarily."
107,Proof,"The formal declaration made by a subscribing witness to the execution of an instrument setting forth his place of residence, that he knew the person described in and who executed the instrument and that he saw such person execute such instrument.



**在公证实践中的应用**:
Proof（证明）在公证实践中有特定含义，指通过subscribing witness（订立见证人）来证明文件的真实性，当签署人无法亲自到场时使用：
- 签署人已故
- 签署人身在外地无法回来
- 签署人丧失行为能力
- 签署人拒绝出现

**实例**:
遗嘱人O在2020年签署遗嘱，有两名见证人在场。2023年O去世。遗嘱需要在遗嘱认证法庭（Probate Court）认证。由于O已故，无法亲自acknowledgment。两名见证人之一前往公证员处，作出proof宣誓：(1)我看到O签署遗嘱，(2)O当时神志清醒，(3)O是自愿签署的。公证员为见证人的陈述做jurat。这个proof使遗嘱可以被法庭接受。

**重要提示**:
Proof by subscribing witness是acknowledgment的替代方式，仅在特殊情况下使用。见证人必须：(1)亲眼看到原始签署，(2)认识签署人或能识别其签名，(3)能够宣誓证明签署的真实性。公证员必须为见证人管理宣誓（jurat），而非仅仅acknowledgment。这是相对罕见的程序，公证员应参考法规确保正确执行。
"
108,Protest,"A formal statement in writing by a notary public, under seal, that a certain bill of exchange or promissory note was on a certain day presented for payment, or acceptance, and that such payment or acceptance was refused.

**在公证实践中的应用**:
Protest（拒付证书）是商业法中的正式文件，用于通知票据被拒付。虽然在现代商业实践中不如以前常见，公证员可能仍会遇到：
- 支票拒付通知（check protest）
- 本票拒付（promissory note protest）
- 汇票拒付（bill of exchange protest）
- 国际贸易中的拒付（international commerce protests）

**实例**:
公司K收到客户L开具的$10,000支票作为货款。K将支票存入银行，但支票被退回标注""资金不足""（NSF）。K的律师准备protest，正式通知L支票已被拒付，要求付款。公证员为protest做公证，确认K的代表签署并宣誓protest中的陈述真实。Protest可以作为后续法律诉讼的证据，证明K已尽力收款。

**重要提示**:
Protest通常涉及jurat（誓言证书）而非acknowledgment（确认），因为它包含宣誓陈述。公证员必须亲自管理宣誓：""您是否庄严宣誓，此protest中的陈述是真实正确的？""签署人必须口头回答""是""或""我宣誓""。在某些司法管辖区，及时的protest对保留追索权很重要，因此时效性至关重要。
"
109,Seal,"The laws of the State of New York do not require the use of seals by notaries public. If a seal is used, it should sufficiently identify the notary public, his authority and jurisdiction.
It is the opinion of the Department of State that the only inscription required is the name of the notary and the words Notary Public for the State of New York."
110,Signature of Notary Public,"A notary public must sign the name under which he was appointed and no other. In addition to his signature and venue, the notary public shall print, typewrite or stamp beneath his signature in black ink, his name, the words Notary Public State of New York, the name of the county in which he is qualified, and the date upon which his commission expires (§137, Executive Law).

When a notary marries during the term of office for which he/she was appointed, he/she may continue to use the name under which he/she was commissioned as a notary public.
However, if he/she elects to use his/her marriage name, then for the balance of his/her term as a notary public he/she must continue to use the name under which he/she is commissioned in his/her signature and seal when acting in his/her notarial capacity, adding after his/her signature his/her married name, in parentheses.

When renewing his/her commission as a notary public, he/she may apply under his/her married name or the name under which he/she was formerly commissioned.
He/she must then perform all his/her notarial functions under the name selected.

A member of a religious order, known therein by a name other than his secular cognomen, may be appointed and may officiate as a notary public under the name by which he is known in religious circles. (Op. Atty. Gen., Mar. 20, 1930.)"
111,Statute,"A law established by an act of the Legislature. Statutes are written laws passed by legislative bodies, as opposed to common law developed through court decisions. For notaries, key statutes include Article 6 of the Executive Law (governing notaries public) and Article 3 of the Real Property Law (governing acknowledgments and proofs)."
112,"Statute of Frauds
","State law which provides that certain contracts must be in writing or partially complied with, in order to be enforceable at law.

**在公证实践中的应用**:
诉讼时效法(Statute of Frauds)要求某些类型的合同必须以书面形式订立才能强制执行。公证员经常处理这些需要书面记录的合同：
- 房地产买卖合同
- 超过一年的租约
- 价值$500以上的货物销售
- 担保债务的承诺

**实例**:
甲和乙口头同意甲将其房产卖给乙，价格$300,000。几周后，甲改变主意，拒绝出售。乙不能强制执行这个口头协议，因为诉讼时效法要求房地产合同必须是书面的。如果当时有书面买卖合同，并且由双方签字（理想情况下由公证员公证），乙就可以寻求法律救济。

**重要提示**:
虽然诉讼时效法本身不要求公证，但许多受其约束的文件（如契约、抵押贷款）同时也需要公证。公证员应理解，其工作不仅是验证身份，还提供了重要的法律保护，使合同在法庭上更容易执行。公证的时间戳记录特别重要，可以证明文件何时签署。
"
113,"Statute of Limitations
","A law that limits the time within which a criminal prosecution or a civil action must be started. Statutes of limitations vary by type of claim. While notaries are not legal advisors, awareness of these time limits underscores the importance of prompt and accurate notarial work, as delays in executing documents could affect parties' ability to pursue remedies."
114,Subordination Clause,"A clause which permits the placing of a mortgage at a later date which takes priority over an existing mortgage.

**在公证实践中的应用**:
从属条款(Subordination Clause)常见于房地产融资文件中。当房产上有多个留置权时，此条款确定优先顺序。公证员在处理以下文件时会遇到：
- 再融资抵押贷款(refinance mortgages)
- 房屋净值贷款(home equity loans)
- 商业地产融资
- 建筑贷款转永久贷款

**实例**:
房主已有第一抵押贷款（主贷款）和第二抵押贷款（房屋净值信贷额度）。房主想为主贷款再融资以获得更低利率。新贷款人要求第一留置权位置。第二抵押贷款人必须签署从属协议，同意其留置权""从属于""新的第一抵押贷款。公证员公证此从属协议，确认第二贷款人的签署。

**重要提示**:
从属条款涉及复杂的优先权问题，可能影响各方的财务利益。公证员不应解释条款内容或建议当事人是否应该签署。公证员只需确认签署人的身份、理解并自愿签署文件。
"
115,Sunday,"A notary public may administer an oath or take an affidavit or acknowledgment on Sunday.
However, a deposition cannot be taken on Sunday in a civil proceeding.

**在公证实践中的应用**:
纽约州法律规定，星期日（Sunday）不得进行某些法律行为，但公证服务通常被允许。公证员应了解：
- 公证行为本身不受星期日禁令限制
- 但某些需要公证的商业交易可能受限
- 紧急情况（如医疗授权书）不受限制
- 不同县可能有不同的地方规定

**实例**:
星期日下午，一位客户联系公证员E，需要紧急公证一份医疗授权书（Medical Power of Attorney），因其父亲住院需要手术，需要授权书做医疗决定。公证员E可以合法地在星期日提供此服务。但是，如果客户要求公证一份普通商业合同或房地产契约，公证员应谨慎，确认该交易本身在星期日执行是否合法，尽管公证行为本身通常被允许。

**重要提示**:
虽然公证服务通常允许在星期日进行，但公证员应了解可能存在的限制。如果不确定，应建议客户咨询律师。实践中，许多公证员选择不在星期日工作，但这是个人选择而非法律要求。紧急情况（医疗文件、旅行文件）通常证明星期日公证的合理性。
"
116,Swear,"This term includes every mode authorized by law for administering an oath. To swear means to take an oath invoking a Supreme Being as witness to the truth of one's statements. The notary must administer oaths in proper form, asking the affiant if they swear (or affirm) that their statements are true, and the affiant must express assent."
117,Taking an Acknowledgment,"The act of the person named in an instrument telling the notary public that he is the person named in the instrument and acknowledging that he executed such instrument;
also includes the act of the notary public in obtaining satisfactory evidence of the identity of the person whose acknowledgment is taken.

The notary public certifies to the taking of the acknowledgment when the notary signs his official signature to the form setting forth the fact of the taking of the acknowledgment."
118,Venue,"The geographical place where a notary public takes an affidavit or acknowledgment.
Every affidavit or certificate of acknowledgment should show on its face the venue of the notarial act.
The venue is usually set forth at the beginning of the instrument or at the top of the notarys jurat, or official certification, as follows:

State of New York, County of (New York) ss.:

Section 137 of the Executive Law imposes the duty on the notary public to include the venue of his act in all certificates of acknowledgments or jurats to affidavits."
119,Wills,"The disposition of one's property to take effect after death. A will is a legal document specifying how a person's estate should be distributed upon death. While wills must be witnessed, notaries should NOT take acknowledgments on wills, as an acknowledgment is not equivalent to proper attestation. This is an important limitation on notarial authority."
120,Schedule of Fees,"Appointment as Notary Public 

Total Commission Fee: $60.00
($40 appointment and $20 filing of Oath of Office)

Other Fees:

Change of Name/Address: $10.00

Duplicate Identification Card: $10.00

Issuance of Certificate of Official Character: $1.00

Filing Certificate of Official Character: $1.00

Authentication Certificate: $3.00

Protest of Note, Commercial Paper, etc.: $0.75

Each additional Notice of Protest (limit 5 each): $0.10

Oath or Affirmation: $2.00

Acknowledgment (each person): $2.00

Proof of Execution (each person): $2.00

Swearing Witness: $2.00

"
121,Note,"Where gender pronouns appear in this booklet, they are meant to refer to both male and female persons.

**在公证实践中的应用**:
此注释提醒公证员，手册中使用的性别代词（he, his, him等）指代所有性别的人员。这是法律文件中的标准语言惯例。

**实例**:
当手册说""notary shall affix his seal""（公证员应加盖其印章）时，这适用于所有性别的公证员。现代法律实践中，许多文件已改用性别中立语言（如""their""），但旧法规仍使用传统代词。

**重要提示**:
公证员应理解法律语言中的性别代词是通用的，不构成性别歧视。在实际工作中，公证员应平等对待所有当事人，无论其性别、性别认同或性别表达如何。
"
